venditore_piva,nome_offerta,cod_offerta,tipo_prezzo,indice_prezzo,prezzo_energia,unita_energia,quota_fissa_annua,unita_quota,consumo_min,consumo_max,durata_mesi
01244170526,+ CASA UNICA,001686ESVFL00XXES2PC0426DO000000,variabile,12,0.033,€/kWh,144,€/anno,,,indeterminata
01244170526,+ CASA SPECIAL,001686ESVFL00XXES3PC0426DO000000,variabile,12,0.0275,€/kWh,120,€/anno,,,indeterminata
01244170526,POWER FLEX CASA,001686ESVFL00XXPFC0426DO00000000,variabile,12,0.011,€/kWh,78,€/anno,,,indeterminata
01244170526,+ CASA,001686ESVFL00XXPC0426DO000000000,variabile,12,0.044,€/kWh,144,€/anno,,,indeterminata
07894180723,DOMESTICI EE,025665ESVFL02XX3N0POE0DO03025027,variabile,12,,,200,€/anno,0,0,19
05282870657,4G DIRETTO LUCE CONSUMER CASA INDEX RELAX X2,023827ESVFL01XX27UF0COTD0REL00X2,variabile,12,0.025300,€/kWh,132.000000,€/anno,,,12
05282870657,COMEBACK EE CASA,023827ESVFL01XX23_TDE_RETURN____,variabile,12,0.018,€/kWh,117,€/anno,,,12
05282870657,4G RETE LUCE CONSUMER CASA INDEX RELAX X1,023827ESVFL01XX26RT0COTD0REL00X1,variabile,12,0.025300,€/kWh,150.000000,€/anno,,,12
05282870657,4G DIRETTO LUCE CONSUMER CASA INDEX RELAX X1,023827ESVFL01XX27UF0COTD0REL00X1,variabile,12,0.022000,€/kWh,132.000000,€/anno,,,12
05282870657,COMEBACK EE CASA FULL,023827ESVFL01XX23_TDE_RETURN_SDD,variabile,12,0.018,€/kWh,117,€/anno,,,12
05282870657,4G DIRETTO LUCE CONSUMER CASA INDEX RELAX X1,023827ESVFL01XX26UF0COTD0REL00X1,variabile,12,0.022000,€/kWh,132.000000,€/anno,,,12
05282870657,4G RETE LUCE CONSUMER CASA INDEX RELAX X2,023827ESVFL01XX26RT0COTD0REL00X2,variabile,12,0.028600,€/kWh,150.000000,€/anno,,,12
05282870657,4G RETE LUCE CONSUMER CASA INDEX RELAX X1,023827ESVFL01XX27RT0COTD0REL00X1,variabile,12,0.025300,€/kWh,150.000000,€/anno,,,12
05282870657,4G RETE LUCE CONSUMER CASA INDEX RELAX X2,023827ESVFL01XX27RT0COTD0REL00X2,variabile,12,0.028600,€/kWh,150.000000,€/anno,,,12
05282870657,4G DIRETTO LUCE CONSUMER CASA INDEX RELAX X2,023827ESVFL01XX26UF0COTD0REL00X2,variabile,12,0.025300,€/kWh,132.000000,€/anno,,,12
04245030285,SMART 3 EE - DOMESTICO,000657ESVFL01XX00000ST3EDX122602,variabile,01,0.02,€/kWh,110.0,€/anno,,,12
12883420155,A2A Click Luce,000294ESFFL01XXA2AClick260632167,fisso,,,,102.0,€/anno,,,12
12883420155,A2A Bonus 10 Luce,000294ESVML01XXBON10ELE260605001,variabile,12,0.025,€/kWh,114.0,€/anno,,,12
12883420155,A2A Click Luce,000294ESFML01XXA2AClick260632167,fisso,,,,102.0,€/anno,,,12
12883420155,A2A Click Luce,000294ESFFL01XXA2AClick260632418,fisso,,,,102.0,€/anno,,,12
12883420155,A2A Start Luce,000294ESFML01XXA2AStart260632177,fisso,,,,114.0,€/anno,,,24
12883420155,Esclusiva2a Luce,000294ESFFL01XXEsclDomE260632166,fisso,,,,114.0,€/anno,,,12
12883420155,A2A Ready 12 Luce,000294ESFML01XXA2AReady260632183,fisso,,,,102.0,€/anno,,,12
12883420155,A2A Full Luce,000294ESFFL01XXA2AFullD260632175,fisso,,,,135.0,€/anno,,,24
12883420155,Smart Casa Luce,000294ESVML01XXSmartCas260632191,variabile,12,0.025,€/kWh,114.0,€/anno,,,12
12883420155,A2A Ready 12 Luce,000294ESFFL01XXA2AReady260632183,fisso,,,,102.0,€/anno,,,12
12883420155,Smart Casa Luce,000294ESVML01XXSmartCas260632205,variabile,12,0.025,€/kWh,114.0,€/anno,,,12
12883420155,A2A Click Luce,000294ESFML01XXA2AClick260632418,fisso,,,,102.0,€/anno,,,12
12883420155,A2A Full Luce,000294ESFML01XXA2AFullD260632175,fisso,,,,135.0,€/anno,,,24
12883420155,A2A Click Luce,000294ESFML01XXA2AClick260632415,fisso,,,,102.0,€/anno,,,12
12883420155,Esclusiva2a Luce,000294ESFML01XXEsclDomE260632166,fisso,,,,114.0,€/anno,,,12
12883420155,A2A Easy Luce,000294ESVFL01XXA2AEasyL260632201,variabile,12,0.0,€/kWh,150.0,€/anno,,,12
12883420155,Smart Casa Luce,000294ESVFL01XXSmartCas260632191,variabile,12,0.025,€/kWh,114.0,€/anno,,,12
12883420155,A2A Click Luce,000294ESFFL01XXA2AClick260632415,fisso,,,,102.0,€/anno,,,12
12883420155,A2A Start Luce,000294ESFFL01XXA2AStart260632177,fisso,,,,114.0,€/anno,,,24
12883420155,Smart Casa Luce,000294ESVFL01XXSmartCas260632205,variabile,12,0.025,€/kWh,114.0,€/anno,,,12
12883420155,Smart Casa+ Luce,000294ESVFL01XXSmartCas260632193,variabile,12,0.025,€/kWh,135.0,€/anno,,,12
12883420155,Smart Casa+ Luce,000294ESVML01XXSmartCas260632207,variabile,12,0.025,€/kWh,135.0,€/anno,,,12
12883420155,A2A Easy Luce,000294ESVML01XXA2AEasyL260632201,variabile,12,0.0,€/kWh,150.0,€/anno,,,12
12883420155,A2A Bonus 10 Luce,000294ESVFL01XXBON10ELE260605002,variabile,12,0.025,€/kWh,114.0,€/anno,,,12
12883420155,Smart Casa+ Luce,000294ESVFL01XXSmartCas260632207,variabile,12,0.025,€/kWh,135.0,€/anno,,,12
12883420155,Smart Casa+ Luce,000294ESVML01XXSmartCas260632193,variabile,12,0.025,€/kWh,135.0,€/anno,,,12
01482080452,ABY CASA LUCE 202606,042641ESVOL01XXTD000006ACL202606,variabile,12,0,€/kWh,96,€/anno,,,12
01482080452,ABY CASA RELAX LUCE MONO 202606,042641ESFML01XXTD000006ALM202606,fisso,,0.128,€/kWh,120,€/anno,,,12
01482080452,ABY CASA RELAX LUCE BIO 202606,042641ESFFL01XXTD000006ALB202606,fisso,,0.131/0.118,€/kWh,120,€/anno,,,12
08547890015,LUCE OVER 75 26_01,000694ESVFL01XXACEALUCEOVER75NEW,variabile,12,0.0145,€/kWh,90.0,€/anno,,,15
08547890015,LUCE SECONDE CASE,000694ESVFL01XXACEALUCESCASE2601,variabile,12,0.0145,€/kWh,90.0,€/anno,,,15
08547890015,LUCE CASA INTELLIGENTE,000694ESVFL01XXACEALUCECASAINTEL,variabile,12,0.0145,€/kWh,144.0,€/anno,,,15
08547890015,LUCE COMMUNITY,000694ESVFL01XXACEALUCECOMMUNDOM,variabile,12,0.0145,€/kWh,90.0,€/anno,,,15
02997570649,T-AE EE DOMESTICO-23,029644ESVML01XXAEDOMESEE01102023,variabile,12,0.04,€/kWh,120,€/anno,,,12
02997570649,T-AE EE DOMESTICO,029644ESVML01XXAEDOMESEE01102022,variabile,12,0.03,€/kWh,108,€/anno,,,12
02727450120,miaDinamica - multi,000446ESVFL17XXXXXXXEEMIADIN3FAG,variabile,12,0.033000,€/kWh,127.000000,€/anno,,,24
02727450120,Mia Certezza 24 Agesp,000446ESFML15XXXXXEECERTEZZA24AG,fisso,,,,144.000000,€/anno,,,24
02727450120,miaDinamica Green- multi,000446ESVFL56XXXXXXEEMIADIN3FGAG,variabile,12,0.033000,€/kWh,127.000000,€/anno,,,24
02727450120,miaLeggera Luce,000446ESVML15XXXXEEMIALEGGERADAG,variabile,12,0.073150,€/kWh,67.000000,€/anno,,,24
02727450120,miaDinamica - mono,000446ESVML17XXXXXXXEEMIADINF0AG,variabile,12,0.033000,€/kWh,127.000000,€/anno,,,24
02727450120,miaSerena - Mono,000446ESVML17XXXXXXXEEMIAINGRMAG,variabile,12,0.011000,€/kWh,147.000000,€/anno,,,12
02727450120,miaProtetta,000446ESVML56XXXXXXEEMIAPROTETAG,variabile,12,0.028600,€/kWh,122.000000,€/anno,,,12
02727450120,miaCasa+ dinamica,000446ESVML56XXXXXXXEEMIACASAPAG,variabile,12,0.011000,€/kWh,172.000000,€/anno,,,24
02727450120,miaDinamica Green- mono,000446ESVML56XXXXXXEEMIADINF0GAG,variabile,12,0.033000,€/kWh,127.000000,€/anno,,,24
08150620725,AGF EE HOME FIDELITY,027580ESVFL01XXAGFAEEHOMEFIDELIT,variabile,12,0.022,€/kWh,108,€/anno,,,20
06170180019,AGN SEMPLICE LUCE SILVER,001488ESVFL01XXAGNEDPUNSLVZER024,variabile,12,0.022000,€/kWh,180.000000,€/anno,,,99
06170180019,AGNEDPUNGLV224SC5,001488ESVFL01XXAGNEDPUNGLV224SC5,variabile,12,0.045000,€/kWh,240.000000,€/anno,,,99
06170180019,AGNEDPUNSLV224SC5,001488ESVFL01XXAGNEDPUNSLV224SC5,variabile,12,0.045000,€/kWh,180.000000,€/anno,,,99
06170180019,AGN FIX 24,001488ESFML01XXAGNEDOMFIXQT01STD,fisso,,0.159000,€/kWh,120.000000,€/anno,,,24
06170180019,AGN FIX 24 GOLD,001488ESFML01XXAGNEDOMFIXQT01GLD,fisso,,0.159000,€/kWh,240.000000,€/anno,,,24
06170180019,AGN SEMPLICE LUCE,001488ESVFL01XXAGNEDPUNZER002024,variabile,12,0.022000,€/kWh,120.000000,€/anno,,,99
06170180019,AGN FIX 24 SILVER,001488ESFML01XXAGNEDOMFIXQT01SLV,fisso,,0.159000,€/kWh,180.000000,€/anno,,,24
06170180019,AGN SEMPLICE LUCE GOLD,001488ESVFL01XXAGNEDPUNGLDZER024,variabile,12,0.022000,€/kWh,240.000000,€/anno,,,99
11815230963,OFFERTA LUCE MERCATO LIBERO FAMILY PO 12025 IPEX,036983ESVFL01XXAURGR000000000228,variabile,01,0.03,€/kWh,144,€/anno,,,5
03839870924,AJO FISSO 12,030205ESVFL06XX000AJOFIXX12X0626,fisso,,0.142,€/kWh,144,€/anno,,,12
03839870924,AJO LEGGERISSIMA ULTRA,030205ESVFL05XXXLEGGERXULTRA0526,variabile,12,0.050,€/kWh,72,€/anno,,,12
03839870924,AJO EASY FLEX,030205ESVFL05XXEASYXFLEXDOMX0526,variabile,12,0.080,€/kWh,288,€/anno,,,12
03839870924,AJO TOP FLEX,030205ESVFL05XXXAJOTOPFLEXXX0526,variabile,12,0.024,€/kWh,174,€/anno,,,12
03839870924,AJO FREEDOM,030205ESVFL05XX000AJOFREEDOM0526,variabile,12,0.024,€/kWh,144,€/anno,,,12
06278561219,ADOMO10NR,002170ESVFL01XXPUN10DOMNRV221020,variabile,12,0.003306,€/kWh,221.400000,€/anno,,,indeterminata
03386091205,Accendi ECOLOGICA Luce 24 Mesi,023912ESFML01XXY2606ECOLOGK24MOM,fisso,,0.1639,€/kWh,144,€/anno,,,24
03386091205,Accendi ECOLOGICA Pro Luce e Gas 24 Mesi,023912DSFFL01XXY2606ECOLPRO24BID,fisso,,0.1551/0.1507,€/kWh,108,€/anno,,,24
03386091205,Accendi Casa AGILE ECOLOGICA Luce 12 mesi,023912ESVFL01XXY2606AGILEECOLELM,variabile,12,,,138,€/anno,,,12
03386091205,Accendi ECOLOGICA Pro Luce 24 Mesi,023912ESFML01XXY2606ECOLPRO24MOM,fisso,,0.1518,€/kWh,108,€/anno,,,24
03386091205,Accendi Fiducia COOP Fix 24 Mesi,023912DSFFL01XXY2606FIDUFIX24BID,fisso,,0.1551/0.1507,€/kWh,144,€/anno,,,24
03386091205,Accendi ECOLOGICA Luce 24 Mesi,023912ESFFL01XXY2606ECOLOGK24BIM,fisso,,0.1661/0.1606,€/kWh,144,€/anno,,,24
03386091205,Accendi ECOLOGICA Pro Luce e Gas 24 Mesi,023912DSFML01XXY2606ECOLPRO24MOD,fisso,,0.1518,€/kWh,108,€/anno,,,24
03386091205,Accendi ECOLOGICA Pro Luce 24 Mesi,023912ESFFL01XXY2606ECOLPRO24BIM,fisso,,0.1551/0.1507,€/kWh,108,€/anno,,,24
03386091205,Accendi ECOLOGICA Luce e Gas 24 Mesi,023912DSFML01XXY2606ECOLOGK24MOD,fisso,,0.1639,€/kWh,144,€/anno,,,24
03386091205,Accendi Fiducia COOP Fix 24 Mesi,023912DSFML01XXY2606FIDUFIX24MOD,fisso,,0.1518,€/kWh,144,€/anno,,,24
03386091205,Accendi Fiducia COOP Fix 24 Mesi,023912ESFML01XXY2606FIDUFIX24MOM,fisso,,0.1518,€/kWh,144,€/anno,,,24
03386091205,Accendi Casa AGILE ECOLOGICA Luce e Gas 12 mesi,023912DSVFL01XXY2606AGILEECOLELD,variabile,12,,,138,€/anno,,,12
03386091205,Accendi Fiducia COOP Flex 24 Mesi,023912DSVFL01XXY2606FIDUVAR24ELD,variabile,12,,,138,€/anno,,,24
03386091205,Accendi Fiducia COOP Fix 24 Mesi,023912ESFFL01XXY2606FIDUFIX24BIM,fisso,,0.1551/0.1507,€/kWh,144,€/anno,,,24
03386091205,Accendi ECOLOGICA Luce e Gas 24 Mesi,023912DSFFL01XXY2606ECOLOGK24BID,fisso,,0.1661/0.1606,€/kWh,144,€/anno,,,24
03386091205,Accendi Fiducia COOP Flex 24 mesi,023912ESVFL01XXY2606FIDUVAR24ELM,variabile,12,,,138,€/anno,,,24
01745520211,Alperia TerzoTempo,000368ESVOL01XX3235017X260401XVE,variabile,12,0.011000,€/kWh,121.200000,€/anno,,,24
01745520211,Alperia Direct Alto Adige,000368ESFML01XX3835448X260511XVE,fisso,,,,86.20000,€/anno,,,60
01745520211,Alperia Home Standard,000368ESVOL01XX3295026X260401XVE,variabile,12,0.014850,€/kWh,109.200000,€/anno,,,indeterminata
01745520211,Alperia Free Welcome,000368ESVOL01XX3105054X260401XVE,variabile,12,0.011000,€/kWh,0.000000,€/anno,,,12
01745520211,Alperia Home Clear,000368ESVOL01XX3275021X260401XVE,variabile,12,0.000000,€/kWh,181.200000,€/anno,,,indeterminata
01745520211,Alperia Home Pro,000368ESVOL01XX3265011X260401XVE,variabile,12,0.026400,€/kWh,121.200000,€/anno,,,indeterminata
01745520211,Alperia Home Plus,000368ESVOL01XX3055049X260401XVE,variabile,12,0.029700,€/kWh,157.200000,€/anno,,,indeterminata
01745520211,Alperia Home Pure,000368ESVOL01XX3305028X260401XVE,variabile,12,0.000000,€/kWh,145.200000,€/anno,,,indeterminata
01745520211,Alperia Home Digital,000368ESVOL01XX3255033X260401XVE,variabile,12,0.011000,€/kWh,109.200000,€/anno,,,indeterminata
01745520211,Alperia Home Start,000368ESVOL01XX3285023X260401XVE,variabile,12,0.029700,€/kWh,73.200000,€/anno,,,indeterminata
01745520211,Alperia Smile Easy Summer,000368ESFML01XX4085488X260611XVE,fisso,,,,95.400000,€/anno,,,36
01745520211,Alperia Smile Clear,000368ESFML01XX3395080X260611XVE,fisso,,,,145.200000,€/anno,,,24
01745520211,Alperia Smile Safety,000368ESFML02XX3385081X260611XVE,fisso,,,,97.200000,€/anno,,,24
01745520211,Alperia Free,000368ESVOL01XX3095053X260401XVE,variabile,12,0.011000,€/kWh,66.2000,€/anno,,,indeterminata
02575910415,No_Stress_Family_DO_Mono_Lumen,025280ESFML01XXXXXXXXXXELS26AXDO,fisso,,0.136900,€/kWh,274.800000,€/anno,,,indeterminata
02575910415,Fisso_No_Stress_Family_DO,025280ESFML01XXXXX26XNSFAMILYXDO,fisso,,0.136900,€/kWh,262.800000,€/anno,,,indeterminata
05044850823,CON AMG LUCE SICURA,001534ESVML01XXEExPUNxCASA08xM3x,variabile,12,,,96,€/anno,,,12
05044850823,CON AMG LUCE SICURA,001534ESVFL01XXEExPUNxCASA08xF2x,variabile,12,,,96,€/anno,,,12
05044850823,CON AMG LUCE CASA Sconto_20,001534ESVFL01XXEExPUNxCSSC20xF1x,variabile,12,,,76.80,€/anno,,,12
05044850823,CON AMG LUCE CASA Sconto_20,001534ESVML01XXEExPUNxCSSC20xM1x,variabile,12,,,76.80,€/anno,,,12
06024230721,Lux “casa”,000867ESVFL01XXTDOMLUXCASA042026,variabile,12,0.006600,€/kWh,121.23,€/anno,0,0,indeterminata
06024230721,"Lux ""Vulnerabili""",000867ESVFL01XXTDOMLUXVULN042026,variabile,12,0.006600,€/kWh,61.23,€/anno,0,0,indeterminata
03288990710,Bee Free,000432ESVML03XXAPEBEEFREE2026S20,variabile,12,0.02,€/kWh,108,€/anno,,,12
03288990710,Bee Ready,000432ESVML01XXAPEBEEREADYX26S20,variabile,12,0.02,€/kWh,108,€/anno,,,12
13433711002,COSTI MINORI CASA LUCE,024492ESVFL01XXMINORIXDOMESTICOX,variabile,12,0.020900,€/kWh,168.000000,€/anno,,,12
13433711002,ALTI LUCE EXTRA CASA,024492ESVFL02XX000000ALTIENERGIA,variabile,12,0.011000,€/kWh,120.000000,€/anno,,,12
13433711002,RISPARMIO ASSOLUTO CASA LUCE,024492ESVFL01XXMINORIDOMESTICOTO,variabile,12,0.016500,€/kWh,144.000000,€/anno,,,12
13433711002,ALTI LUCE LIGHT CASA,024492ESVFL01XX000000ALTIENERGIA,variabile,12,0.022000,€/kWh,102.000000,€/anno,,,12
13433711002,MIGLIORE LUCE CASA,024492ESVFL02XXMIGLIOREENERMDC11,variabile,12,0.032999,€/kWh,144.000000,€/anno,,,12
13433711002,MIGLIORE LUCE CASA,024492ESVFL01XXMIGLIOREENERMDC11,variabile,12,0.032999,€/kWh,144.000000,€/anno,,,12
13433711002,PIU' BASSA LUCE CASA,024492ESVFL03XX2024ENERMIENERMIA,variabile,12,0.043999,€/kWh,120.000000,€/anno,,,12
13433711002,PIU' BASSA LUCE CASA,024492ESVFL21XX2024ENERMIENERMIA,variabile,12,0.043999,€/kWh,120.000000,€/anno,,,12
13433711002,HAPPEN CASA 815,024492ESVFL07XX00000ELITEENERGY1,variabile,12,0.016500,€/kWh,96.000000,€/anno,,,12
13433711002,ENJOY CASA 10PLUS10,024492ESVFL06XX00000ELITEENERGY1,variabile,12,0.011000,€/kWh,120.000000,€/anno,,,12
13433711002,HAPPEN CASA 12PLUS15,024492ESVFL12XX00000ELITEENERGY1,variabile,12,0.016500,€/kWh,144.000000,€/anno,,,12
13433711002,POSITIVE CASA 1020,024492ESVFL14XX00000ELITEENERGY1,variabile,12,0.022000,€/kWh,120.000000,€/anno,,,12
13433711002,SYNERGYA ALTIENERGIA LUCE CASA,024492ESVFL08XX000000ALTIENERGIA,variabile,12,0.000000,€/kWh,108.000000,€/anno,,,12
13433711002,PERFETTA LUCE CASA,024492ESVFL00XXESVFL01XXES00L01X,variabile,12,0.027500,€/kWh,192.000000,€/anno,,,12
13433711002,CONVENZIONE LUCE MINISTERO,024492ESVFL07XX000000ALTIENERGIA,variabile,12,0.000000,€/kWh,102.000000,€/anno,,,12
13433711002,ENJOY0810,024492ESVML01XX000000000ENJOY810,variabile,12,0.011000,€/kWh,96.000000,€/anno,,,12
13433711002,ENJOY08PLUS10,024492ESVML02XX00000PLUSENJOY810,variabile,12,0.011000,€/kWh,96.000000,€/anno,,,12
13433711002,ENJOY10PLUS10,024492ESVML03XX00000PLUSENJO1010,variabile,12,0.011000,€/kWh,120.000000,€/anno,,,12
13433711002,ALTI LUCE EXTRA CASA 2025,024492ESVFL04XX000000ALTIENERGIA,variabile,12,0.014300,€/kWh,120.000000,€/anno,,,12
13433711002,ALTI LUCE NO PROBLEM MUNICIPALIZZATE ROMA,024492ESVFL05XX000000ALTIENERGIA,variabile,12,0.013200,€/kWh,90.000000,€/anno,,,12
13433711002,SYNERGYA ALMAENERGIA LUCE CASA ZERO SPREAD,024492ESVFL01XXALMAENERGIALUCEZE,variabile,12,0.000000,€/kWh,102.000000,€/anno,,,indeterminata
13433711002,SYNERGYA ALTIENERGIA LUCE CASA ZERO SPREAD,024492ESVFL10XX000000ALTIENERGIA,variabile,12,0.000000,€/kWh,102.000000,€/anno,,,indeterminata
13433711002,ENERGIA EQUILIBRATA CASA LUCE,024492ESVFL01XXMINORIDOMESTICOST,variabile,12,0.025300,€/kWh,204.000000,€/anno,,,12
13433711002,ALTI LUCE LIGHT CASA 2025,024492ESVFL03XX000000ALTIENERGIA,variabile,12,0.018700/0.187000,€/kWh,102.000000,€/anno,,,12
13433711002,HAPPEN CASA 1015,024492ESVFL08XX00000ELITEENERGY1,variabile,12,0.016500,€/kWh,120.000000,€/anno,,,12
13433711002,HAPPEN CASA 8PLUS15,024492ESVFL10XX00000ELITEENERGY1,variabile,12,0.016500,€/kWh,96.000000,€/anno,,,12
13433711002,POSITIVE CASA 10PLUS20,024492ESVFL17XX00000ELITEENERGY1,variabile,12,0.022000,€/kWh,120.000000,€/anno,,,12
13433711002,HAPPEN CASA 1215,024492ESVFL09XX00000ELITEENERGY1,variabile,12,0.016500,€/kWh,144.000000,€/anno,,,12
13433711002,HAPPEN CASA 10PLUS15,024492ESVFL11XX00000ELITEENERGY1,variabile,12,0.016500,€/kWh,120.000000,€/anno,,,12
13433711002,POSITIVE CASA 1220,024492ESVFL15XX00000ELITEENERGY1,variabile,12,0.022000,€/kWh,144.000000,€/anno,,,12
13433711002,ENJOY CASA 1210,024492ESVFL03XX000000000ENJO1010,variabile,12,0.011000,€/kWh,144.000000,€/anno,,,12
13433711002,ALTI LUCE LIGHT CASA 2025,024492ESVFL06XX000000ALTIENERGIA,variabile,12,0.018700,€/kWh,102.000000,€/anno,,,12
13433711002,ENJOY1010,024492ESVML02XX000000000ENJO1010,variabile,12,0.011000,€/kWh,120.000000,€/anno,,,12
13433711002,ENJOY0810,024492ESVFL01XX000000000ENJOY810,variabile,12,0.011000,€/kWh,96.000000,€/anno,,,12
13433711002,ENJOY12PLUS10,024492ESVFL04XX00000PLUSENJO1210,variabile,12,0.011000,€/kWh,144.000000,€/anno,,,12
13433711002,ENJOY1210,024492ESVML03XX000000000ENJO1010,variabile,12,0.011000,€/kWh,144.000000,€/anno,,,12
13433711002,POSITIVE CASA 12PLUS20,024492ESVFL18XX00000ELITEENERGY1,variabile,12,0.022000,€/kWh,144.000000,€/anno,,,12
13433711002,POSITIVE CASA 820,024492ESVFL13XX00000ELITEENERGY1,variabile,12,0.022000,€/kWh,96.000000,€/anno,,,12
13433711002,ENJOY CASA 8PLUS10,024492ESVFL05XX00000PLUSENJO1210,variabile,12,0.011000,€/kWh,96.000000,€/anno,,,12
13433711002,ENJOY CASA 1010,024492ESVFL02XX000000000ENJO1010,variabile,12,0.011000,€/kWh,120.000000,€/anno,,,12
13433711002,POSITIVE CASA 8PLUS20,024492ESVFL16XX00000ELITEENERGY1,variabile,12,0.022000,€/kWh,96.000000,€/anno,,,12
09515990969,LUCE DINAMICA VACANZE 3 FASCE,025767ESVFL01XXXXXEEDOMVVAC0626T,variabile,12,0.0638,€/kWh,15,€/anno,,,indeterminata
09515990969,FIX STORE LUCE SCONTO 15%,025767ESFFL01XXXXXXXXEEDOMF0626T,fisso,,0.1749/0.1859/0.1573,€/kWh,144,€/anno,,,12
09515990969,LUCE FLEX WEB,025767ESVFL01XXXXXEEDOMVWEB0626T,variabile,12,0.033,€/kWh,144,€/anno,,,indeterminata
09515990969,LUCE FISSA WEB,025767ESVFL01XXXXXEEDOMFWEB0626T,fisso,,0.1496/0.1595/0.1353,€/kWh,144,€/anno,,,12
09515990969,LUCE FLEX 40,025767ESVFL01XXXXEEDOMVFLEX0626T,variabile,12,0.0198,€/kWh,159,€/anno,,,indeterminata
09515990969,LUCE FLEX SEGUGIO,025767ESVFL01XXXXXEEDOMVSEG0626T,variabile,12,0.0066,€/kWh,108,€/anno,,,indeterminata
09515990969,LUCE FLEX FACILE,025767ESVFL01XXXXXEEDOMVFAC0626T,variabile,12,0.0088,€/kWh,96,€/anno,,,indeterminata
09515990969,LUCE FIX TRIORARIA B.A. STANDARD,025767ESFML01XXXXEEDOMFAMIS0626T,fisso,,0.1496/0.1595/0.1342,€/kWh,120,€/anno,,,12
09515990969,LUCE FIX MONO FACILE,025767ESFML01XXXXXEEDOMFFAC0626M,fisso,,0.143,€/kWh,108,€/anno,,,12
09515990969,LUCE FLEX B.A. STANDARD,025767ESVFL01XXXXEEDOMVAMIS0626T,variabile,12,0.0165,€/kWh,120,€/anno,,,indeterminata
09515990969,LUCE FIX MONO SEGUGIO,025767ESFML01XXXXXEEDOMFSEG0626M,fisso,,0.143,€/kWh,108,€/anno,,,12
09515990969,FLEX STORE LUCE SCONTO 50%,025767ESVFL01XXXXXXXXEEDOMV0626T,variabile,12,0.022,€/kWh,144,€/anno,,,indeterminata
04451910246,ARIA CLASSIC CASA REV,041342ESVML01XX0526EEARIACLASCAS,variabile,12,0.02,€/kWh,120,€/anno,,,12
04451910246,ENERGIA ESSENZIALE CASA,041342ESVML01XX0426EEARIAESSC144,variabile,12,0.035,€/kWh,144,€/anno,,,12
04451910246,ENERGIA ESSENZIALE CASA REV,041342ESVML01XX0526EEARIAESSCASA,variabile,12,0.02,€/kWh,180,€/anno,,,12
04451910246,ENERGIA ESSENZIALE CASA PLUS,041342ESVML01XX0426EEARIAESSC180,variabile,12,0.035,€/kWh,180,€/anno,,,12
04451910246,FAMILY AND FRIENDS LUCE,041342ESVML01XX0426EEARIAFAFRI72,variabile,12,0.01,€/kWh,72,€/anno,,,12
04451910246,ENERGIA VITTORIA PUD,041342ESVML01XX0426EEARIAVITTPUD,variabile,12,0.008,€/kWh,72,€/anno,,,12
04451910246,ARIA WEB CASA LUCE,041342ESVML01XX0426ARIAWEBCALUCE,variabile,12,0.02,€/kWh,120,€/anno,,,12
01211050297,PiuControllo Active Casa Luce Medium 24,000502ESVML01XXPNPCCLM1106260100,variabile,12,0.008030,€/kWh,193.230000,€/anno,,,12
01211050297,PiuControllo Special Web Active Casa Luce 24,000502ESVML01XXPNSWCLM1106260100,variabile,12,0.004950,€/kWh,144.000000,€/anno,,,12
01211050297,PiuControllo FLAT Casa Luce 24,000502ESFML01XXPCFCL250526010000,fisso,,,,145.230000,€/anno,,,12
01211050297,PiuControllo Special Web Active Casa Luce SL,000502ESVFL01XXPNSWCLM1106260200,variabile,12,0.004950,€/kWh,144.000000,€/anno,,,12
01211050297,PiuControllo Active Casa Luce Small 24,000502ESVML01XXPNPCCLS1106260100,variabile,12,0.008030,€/kWh,169.230000,€/anno,,,12
01211050297,PiuControllo Active Casa Luce Small SL,000502ESVFL01XXPNPCCLS1106260200,variabile,12,0.008030,€/kWh,169.230000,€/anno,,,12
01211050297,PiuControllo FLAT Casa Luce SL,000502ESFFL01XXPCFCL250526020000,fisso,,,,145.230000,€/anno,,,12
01211050297,PiuControllo Active Casa Luce Medium SL,000502ESVFL01XXPNPCCLM1106260200,variabile,12,0.008030,€/kWh,193.230000,€/anno,,,12
01991100189,EASY LUCE CASA,000463ESVML01XXEASYLUCECASA2026D,variabile,12,0.0165,€/kWh,120,€/anno,,,24
01991100189,POWER SPECIAL WEB,000463ESVFL01XXPOWERSPECIALWEB26,variabile,12,0.0088,€/kWh,60,€/anno,,,24
01991100189,POWER SPECIAL WEB,000463ESVML01XXPOWERSPECIALWEB26,variabile,12,0.0088,€/kWh,60,€/anno,,,24
01991100189,GOLD CLUB POWER,000463ESVFL01XXGOLDCLUBPOWER26DO,variabile,12,0.011,€/kWh,80,€/anno,,,24
01991100189,GOLD CLUB POWER,000463ESVML01XXGOLDCLUBPOWER26DO,variabile,12,0.011,€/kWh,80,€/anno,,,24
01991100189,EASY LUCE CASA,000463ESVFL02XXEASYLUCECASA2026D,variabile,12,0.0165,€/kWh,120,€/anno,,,24
01275310199,CHIARA LUCE VARIABILE,000901ESVFL01XXPFID051X2606PUMXX,variabile,12,0.0143,€/kWh,156,€/anno,,,indeterminata
02078510423,FUTURA 24 LUCE MONO,001046ESFML01XXFURE1AM2261260401,fisso,,0.163900,€/kWh,144.000000,€/anno,,,24
02078510423,REALE LUCE ORARIA,001046ESVOL01XXREAE1A01261260401,variabile,12,0.020000,€/kWh,144.000000,€/anno,,,24
02078510423,PREMIUM 5 LUCE,001046ESVOL01XXPR5E1A02261260401,variabile,12,0.030000,€/kWh,126.000000,€/anno,,,60
02078510423,DINAMICA LUCE MONORARIA,001046ESVML01XXDINE1A01261260401,variabile,12,0.045000,€/kWh,144.000000,€/anno,,,24
02078510423,CLICK WEB 24 LUCE,001046ESFML01XXCLCE10A1261260430,fisso,,0.149000,€/kWh,144.000000,€/anno,,,24
02078510423,GIUSTA ESCLUSIVA LUCE,001046ESVFL01XXGESE1A01261260401,variabile,12,0.045000,€/kWh,144.000000,€/anno,,,24
02078510423,GIUSTA LUCE BIO DOMESTICA,001046ESVFL01XXGIUE1AB1261260401,variabile,12,0.045000,€/kWh,144.000000,€/anno,,,12
02064090026,ATENA EXTRA SMALL LUCE VERDE VARIABILE,000567ESVML12XX000AEDOIESV260915,variabile,12,0.028600,€/kWh,129.000000,€/anno,,,12
02064090026,ATENA SUPER 30 LUCE,000567ESVML03XX00AEDOSUP30260630,variabile,12,0.019250,€/kWh,150.000000,€/anno,,,12
02064090026,ATENA INSIEME LUCE 2.0,000567ESVML02XX00AEDOINSIE260630,variabile,12,0.008800,€/kWh,130.000000,€/anno,,,12
02064090026,ATENA REVOLUTION SALUTE VARIABILE LUCE,000567ESVML04XX000AEDORSVL260915,variabile,12,0.033200,€/kWh,165.000000,€/anno,,,30
02064090026,ATENA SPECIAL LUCE VERDE NEW,000567ESVML03XX000AEDOSPCN260630,variabile,12,0.016000,€/kWh,160.000000,€/anno,,,12
02064090026,ATENA CASA TUA LUCE VARIABILE,000567ESVML04XX000AEDOCSTV260630,variabile,12,0.027500,€/kWh,150.000000,€/anno,,,12
02064090026,ATENA SEI SPECIALE LUCE VERDE NEW,000567ESVML03XX00AEDO6SPCN260630,variabile,12,0.013200,€/kWh,130.000000,€/anno,,,12
02064090026,ATENA SOTTOCASA LUCE VARIABILE,000567ESVML05XX000AEDOSTTC260915,variabile,12,0.022000,€/kWh,159.000000,€/anno,,,30
02064090026,ATENA SMALL LUCE VARIABILE,000567ESVML04XX000AEDOASLV260915,variabile,12,0.028600,€/kWh,129.000000,€/anno,,,24
02064090026,ATENA SPECIALE PER TE LUCE VERDE NEW,000567ESVML02XX000AEDOSPTN260630,variabile,12,0.011000,€/kWh,150.000000,€/anno,,,12
02064090026,ATENA SMALL LUCE VERDE VARIABILE 24,000567ESVML11XX000AEDOISMV260915,variabile,12,0.016500,€/kWh,159.000000,€/anno,,,24
01872450661,020034ESFFL01XXART12153202424RCO,020034ESFFL01XXART12153202425RCO,fisso,,0.149/0.119,€/kWh,120,€/anno,,,12
03747180713,GUEST STAR LUCE,021729ESVML03XXGUESTSTARLUCEDO01,variabile,12,0.000000,€/kWh,84.000000,€/anno,,,12
03747180713,WEB SAN SABINO LUCE,021729ESVML01XXSANSABINOLUCEDO01,variabile,12,0.000000,€/kWh,144.000000,€/anno,,,12
03747180713,GUEST STAR SAN SABINO LUCE,021729ESVML02XXGUESTSANSABINOEE1,variabile,12,0.000000,€/kWh,144.000000,€/anno,,,12
03747180713,WEB FRESCA ESTATE LUCE,021729ESVML02XXFRESCAESTATEEDO01,variabile,12,0.000000,€/kWh,144.000000,€/anno,,,12
15483381008,Convenzione Confagricoltura Luce residenziale - I -2026,030383ESVFL01XX0000CONFAG0B00426,variabile,12,0.012000,€/kWh,123.000000,€/anno,,,12
15483381008,Convenzione ACLI Service SP - Luce Easy residenziale,030383ESVFL01XX0ACLI0EY0RES00426,variabile,12,0.023900,€/kWh,144.000000,€/anno,,,12
15483381008,Fattileali Smart Energy II,030383ESVFL01XX00000RESFLSMARTII,variabile,12,0.020000,€/kWh,144.000000,€/anno,,,12
15483381008,Energy Smart II,030383ESVFL01XX000000SM0DOM00426,variabile,12,0.029900,€/kWh,144.000000,€/anno,,,12
15483381008,Energia - Casa Light,030383ESVFL01XX0000000LIGHT00426,variabile,12,0.036000,€/kWh,108.000000,€/anno,,,12
15483381008,Energy Relax Index,030383ESVFL01XX000000RX0DOM00426,variabile,12,0.035000,€/kWh,144.000000,€/anno,,,12
15483381008,En Fenix Porta un amico - Luce Residenziale,030383ESVFL02XX0FENIXREFDOM00426,variabile,12,0.024000,€/kWh,180.000000,€/anno,,,12
15483381008,Luce Res - En Fenix,030383ESVFL01XX0000FENIXDOM00426,variabile,12,0.019900,€/kWh,144.000000,€/anno,,,12
15483381008,Fattileali Easy Energy II,030383ESVFL01XX000000RESFLEASYII,variabile,12,0.016000,€/kWh,156.000000,€/anno,,,12
10027190015,SICURA VERDE CASA FASCE,003332ESFFL01XXEDSFDAXAF260510RX,fisso,,0.1477/0.1498/0.1495,€/kWh,180,€/anno,,,24
10027190015,START SAFE DOMESTICO,003332ESVFL01XXEMSIDAXAF26041SRX,04,12,0.1718/0.17388/0.1736/0.023,€/kWh,210,€/anno,,,12
10027190015,START SAFE DOMESTICO,003332ESVFL01XXEDSIDAXAF26041SRX,04,12,0.1718/0.17388/0.1736/0.033,€/kWh,154,€/anno,,,12
10027190015,START SAFE DOMESTICO,003332ESVFL01XXEMSIDSXAF26041SRX,04,12,0.1718/0.17388/0.1736/0.0199,€/kWh,174.6,€/anno,,,12
10027190015,START SAFE DOMESTICO,003332ESVFL01XXEDSIDSXAF26041SRX,04,12,0.1718/0.17388/0.1736/0.021,€/kWh,150,€/anno,,,12
10027190015,SICURA VERDE CASA FASCE,003332ESFFL01XXEDSFDLXAF260510RX,fisso,,0.1477/0.1498/0.1495,€/kWh,180,€/anno,,,24
10027190015,SICURA VERDE CASA FASCE,003332ESFFL01XXEDSFDSXAF260510RX,fisso,,0.1367/0.1388/0.1385,€/kWh,150,€/anno,,,24
10027190015,SEMPRE VERDE CASA SPREAD FASCE,003332ESVFL01XXEDSIDSXAF26071SRX,variabile,12,0.0231,€/kWh,150,€/anno,,,12
10027190015,SEMPRE VERDE CASA SPREAD FASCE,003332ESVFL01XXEDSIDAXAF26071SRX,variabile,12,0.0363,€/kWh,154,€/anno,,,12
10027190015,SEMPRE VERDE CASA SPREAD FASCE,003332ESVFL01XXEDSIDLXAF26071SRX,variabile,12,0.0363,€/kWh,154,€/anno,,,12
07941160967,DUAL FIX EE,014629ESVML01XXGDUAUDFIX2606SAEE,fisso,12,0.2255,€/kWh,192,€/anno,,,indeterminata
07941160967,GOLD EE VAR ASSISTENZA,014629ESVFL01XXLGLDUDVAR2604CAEE,variabile,12,0.032652,€/kWh,168,€/anno,,,indeterminata
07941160967,LIGHT EE VAR,014629ESVFL01XXLLGTUDVAR2604SAEE,variabile,12,0.083235,€/kWh,108,€/anno,,,indeterminata
07941160967,GOLD EE VAR,014629ESVFL01XXGGLDUDVAR2604SAEE,variabile,12,0.032652,€/kWh,168,€/anno,,,indeterminata
07941160967,SEMPLICE EE,014629ESFML01XXGSMPUDFIX2606SAEE,fisso,,0.1672,€/kWh,144,€/anno,,,indeterminata
07941160967,FIX EE,014629ESVML01XXGSEEUDFIX2606SAEE,fisso,12,0.2255,€/kWh,192,€/anno,,,indeterminata
07941160967,DUAL EE FIX ASSISTENZA,014629ESVML01XXGDUAUDFIX2606CAEE,variabile,12,0.2255,€/kWh,192,€/anno,,,indeterminata
07941160967,DEDICATA EE VAR,014629ESVFL01XXLDEDUDVAR2605PREE,variabile,12,0.0165,€/kWh,120,€/anno,,,indeterminata
07941160967,FISSO TRASPARENTE EE,014629ESFML01XXLTPNUDFIX2606SAEE,fisso,,0.1815,€/kWh,168,€/anno,,,indeterminata
07941160967,ZERO DOMESTICO LUCE,014629ESFML01XXFZERUDVAR2604CBEE,variabile,12,0.0,€/kWh,276,€/anno,,,indeterminata
07941160967,SEMPLICE EE,014629ESFML01XXLSMPUDFIX2606SAEE,fisso,,0.1672,€/kWh,144,€/anno,,,indeterminata
07941160967,FIX EE INFODRIVE,014629ESVML01XXGSEEUDFIX2606CIEE,fisso,12,0.2255,€/kWh,192,€/anno,,,indeterminata
07941160967,SILVER EE VAR,014629ESVFL01XXLSLVUDVAR2604SAEE,variabile,12,0.026664,€/kWh,144,€/anno,,,indeterminata
07941160967,DUAL EE FIX INFODRIVE,014629ESVML01XXGDUAUDFIX2606CIEE,fisso,12,0.2255,€/kWh,192,€/anno,,,indeterminata
07941160967,ENJOY DOMESTICO LUCE,014629ESFML01XXFENJUDVAR2604CBEE,variabile,12,0.0539,€/kWh,180,€/anno,,,indeterminata
07941160967,ATTIVA DOMESTICO LUCE,014629ESFML01XXFATTUDVAR2604CBEE,variabile,12,0.0539,€/kWh,120,€/anno,,,indeterminata
07941160967,KAWASAKI NINJA LUCE,014629ESVFL01XXLKWKUDVAR2604PREE,variabile,12,0.0275,€/kWh,144,€/anno,,,indeterminata
07941160967,WEB EE VAR,014629ESVML01XXGWEBUDVAR2604PREE,variabile,12,0.0275,€/kWh,144,€/anno,,,indeterminata
07941160967,KAWASAKI NINJA LUCE,014629ESVFL01XXLKWKUDVAR2606PREE,variabile,12,0.0275,€/kWh,120,€/anno,,,indeterminata
07941160967,FISSO TRASPARENTE EE,014629ESFML01XXGTPNUDFIX2606SAEE,fisso,,0.1815,€/kWh,168,€/anno,,,indeterminata
07941160967,SILVER EE VAR,014629ESVFL01XXGSLVUDVAR2604SAEE,variabile,12,0.026664,€/kWh,144,€/anno,,,indeterminata
07941160967,CLUB DOMESTICO LUCE,014629ESFML01XXFCLBUDVAR2604CBEE,variabile,12,0.0352,€/kWh,120,€/anno,,,indeterminata
07941160967,PLATINUM EE VAR,014629ESVFL01XXLPLAUDVAR2604SAEE,variabile,12,0.0418,€/kWh,192,€/anno,,,indeterminata
07941160967,GOLD EE VAR,014629ESVFL01XXLGLDUDVAR2604SAEE,variabile,12,0.032652,€/kWh,168,€/anno,,,indeterminata
07941160967,NO SPREAD EE VAR,014629ESVFL01XXGNSPUDVAR2604SAEE,variabile,12,0.0,€/kWh,228,€/anno,,,indeterminata
07941160967,10X SEMPRE EE VAR,014629ESVFL01XXL10XUDVAR2604SAEE,variabile,12,0.086555,€/kWh,168,€/anno,,,indeterminata
07941160967,NO SPREAD EE VAR,014629ESVFL01XXLNSPUDVAR2604SAEE,variabile,12,0.0,€/kWh,228,€/anno,,,indeterminata
07941160967,123GASWAY EE VAR,014629ESVFL01XXG123UDVAR2604SAEE,variabile,12,0.077899,€/kWh,168,€/anno,,,indeterminata
07941160967,GOLD EE VAR ASSISTENZA,014629ESVFL01XXGGLDUDVAR2604CAEE,variabile,12,0.032652,€/kWh,168,€/anno,,,indeterminata
07941160967,FIX EE ASSISTENZA,014629ESVML01XXGSEEUDFIX2606CAEE,fisso,12,0.2255,€/kWh,192,€/anno,,,indeterminata
07941160967,123GASWAY EE VAR ASSISTENZA,014629ESVFL01XXG123UDVAR2604CAEE,variabile,12,0.077899,€/kWh,168,€/anno,,,indeterminata
07941160967,SILVER EE VAR ASSISTENZA,014629ESVFL01XXLSLVUDVAR2604CAEE,variabile,12,0.026664,€/kWh,144,€/anno,,,indeterminata
07941160967,TONICA DOMESTICO LUCE,014629ESFML01XXFTNCUDVAR2604CBEE,variabile,12,0.0429,€/kWh,150,€/anno,,,indeterminata
07941160967,LIGHT EE VAR,014629ESVFL01XXGLGTUDVAR2604SAEE,variabile,12,0.105864,€/kWh,108,€/anno,,,indeterminata
07941160967,SILVER EE VAR ASSISTENZA,014629ESVFL01XXGSLVUDVAR2604CAEE,variabile,12,0.026664,€/kWh,144,€/anno,,,indeterminata
07941160967,PLATINUM EE VAR,014629ESVFL01XXGPLAUDVAR2604SAEE,variabile,12,0.0418,€/kWh,192,€/anno,,,indeterminata
04913370260,Smart CASA luce 2401XXVI,027132ESFML00XXSmartCASAe2401XVI,fisso,,0.144,€/kWh,96,€/anno,,,24
07305361003,Acea Energia Trend 12,000774ESVFL01XXRT4D4027990000000,variabile,12,,,111.00,€/anno,,,12
07305361003,Acea Energia Fix,000774ESFFL01XXRT4D4027760000000,fisso,,,,90.00,€/anno,,,12
07305361003,Acea Energia Fix,000774ESFML01XXRT4D4027760000000,fisso,,,,90.00,€/anno,,,12
07305361003,Acea Energia Trend 24,000774ESVFL01XXRT4D4028000000000,variabile,12,,,120.00,€/anno,,,24
07305361003,Acea Energia Sprint Web,000774ESVFL01XXRT4D4027880000000,variabile,12,,,96.00,€/anno,,,12
07305361003,Acea Energia Sprint,000774ESVFL01XXRT4D4027890000000,variabile,12,,,120.00,€/anno,,,12
07305361003,Acea Energia Trend 12,000774ESVML01XXRT4D4027990000000,variabile,12,,,111.00,€/anno,,,12
07305361003,Acea Energia Flex Casa,000774ESVFL01XXRT4D4027900000000,variabile,12,,,108.00,€/anno,,,24
07305361003,Acea Energia Trend 24,000774ESVML01XXRT4D4028000000000,variabile,12,,,120.00,€/anno,,,24
07305361003,Acea Energia Sprint Web,000774ESVML01XXRT4D4027880000000,variabile,12,,,96.00,€/anno,,,12
07305361003,Acea Energia Flex Casa,000774ESVML01XXRT4D4027900000000,variabile,12,,,108.00,€/anno,,,24
07305361003,Acea Energia Sprint,000774ESVML01XXRT4D4027890000000,variabile,12,,,120.00,€/anno,,,12
03773040138,miaDinamica - multi,027895ESVFL55XXXXXXXXXEEMIADIN3F,variabile,12,0.033000,€/kWh,127.000000,€/anno,,,24
03773040138,miaCasa+ dinamica,027895ESVML55XXXXEEMIACASAPIUDIN,variabile,12,0.011000,€/kWh,172.000000,€/anno,,,24
03773040138,miaDinamica Green- mono,027895ESVML55XXXXXXXXEEMIADINF0G,variabile,12,0.033000,€/kWh,127.000000,€/anno,,,24
03773040138,miaDinamica - mono,027895ESVML55XXXXXXXXXEEMIADINF0,variabile,12,0.033000,€/kWh,127.000000,€/anno,,,24
03773040138,Mia Certezza 24,027895ESFML15XXXXXEEMIACERTDOM24,fisso,,,,144.000000,€/anno,,,24
03773040138,miaDinamica Green- multi,027895ESVFL55XXXXXXXXEEMIADIN3FG,variabile,12,0.033000,€/kWh,127.000000,€/anno,,,24
03773040138,miaProtetta,027895ESVML56XXXXXXEEMIAPROTETTA,variabile,12,0.028600,€/kWh,122.000000,€/anno,,,12
03773040138,miaSerena - Mono,027895ESVML55XXXXXXXXXEEMIAINGRM,variabile,12,0.011000,€/kWh,147.000000,€/anno,,,12
03773040138,miaLeggera Luce,027895ESVML55XXXXXXEEMIALEGGERAD,variabile,12,0.073150,€/kWh,67.000000,€/anno,,,24
03773040138,Mia Certezza 24,027895ESFML15XXXXXXXEECERTEZZA24,fisso,,,,144.000000,€/anno,,,24
03351530633,LUCEVARIABILE,039948ESVFL27XX2024B2CRVAR000001,variabile,12,0.016500,€/kWh,60.000000,€/anno,,,12
03351530633,LUCEVARIABILE,039948ESVFL14XX2024B2CNVAR000001,variabile,12,0.016500,€/kWh,60.000000,€/anno,,,12
03351530633,LUCEVARIABILE,039948ESVFL06XX2024B2CNVAR000001,variabile,12,0.040700,€/kWh,72.000000,€/anno,,,12
03351530633,LUCEVARIABILE,039948ESVFL18XX2024B2CRVAR000001,variabile,12,0.022000,€/kWh,60.000000,€/anno,,,12
03351530633,LUCEVARIABILE,039948ESVFL30XX2024B2CRVAR000001,variabile,12,0.011000,€/kWh,60.000000,€/anno,,,12
03351530633,LUCEVARIABILE,039948ESVFL15XX2024B2CNVAR000001,variabile,12,0.016500,€/kWh,144.000000,€/anno,,,12
03351530633,LUCEVARIABILE,039948ESVFL05XX2024B2CRVARM00001,variabile,12,0.038500,€/kWh,60.000000,€/anno,,,12
03351530633,LUCEVARIABILE,039948ESVFL17XX2024B2CRVAR000001,variabile,12,0.022000,€/kWh,60.000000,€/anno,,,12
03351530633,LUCEVARIABILE,039948ESVFL15XX2024B2CRVAR000001,variabile,12,0.016500,€/kWh,144.000000,€/anno,,,12
03351530633,LUCEVARIABILE,039948ESVFL14XX2024B2CRVAR000001,variabile,12,0.033000,€/kWh,60.000000,€/anno,,,12
03351530633,LUCEVARIABILE,039948ESVFL19XX2024B2CRVAR000001,variabile,12,0.022000,€/kWh,144.000000,€/anno,,,12
03351530633,LUCEVARIABILE,039948ESVFL07XX2024B2CNVAR000001,variabile,12,0.022000,€/kWh,60.000000,€/anno,,,12
03351530633,LUCEVARIABILE,039948ESVFL04XX2024B2CRVARM00001,variabile,12,0.022000,€/kWh,144.000000,€/anno,,,12
03351530633,LUCEVARIABILE,039948ESVFL13XX2024B2CRVAR000001,variabile,12,0.040700,€/kWh,72.000000,€/anno,,,12
03351530633,LUCEVARIABILE,039948ESVFL20XX2024B2CRVAR000001,variabile,12,0.033000,€/kWh,144.000000,€/anno,,,12
03351530633,LUCEVARIABILE,039948ESVFL16XX2024B2CRVAR000001,variabile,12,0.038500,€/kWh,60.000000,€/anno,,,12
03351530633,LUCEVARIABILE,039948ESVFL26XX2024B2CRVAR000001,variabile,12,0.022000,€/kWh,60.000000,€/anno,,,12
15125541001,FLEX MY HOME LUCEMNR,034958ESVML01XXFLEXMYHOMELUCEMNR,variabile,12,0.014000,€/kWh,204.000000,€/anno,,,indeterminata
15125541001,ENERGIA CASA INDEX T 210,034958ESVFL01XXENERGIACASAIND210,variabile,12,0.016000,€/kWh,210.000000,€/anno,,,indeterminata
15125541001,FLEXMYHOMELUCETNR,034958ESVFL01XXFLEXMYHOMELUCETNR,variabile,12,0.012493,€/kWh,204.000000,€/anno,,,indeterminata
15125541001,FLEX LUCE TRIO DOM RES,034958ESVFL01XXFLEXMYHOMELUCETRR,variabile,12,0.012493,€/kWh,144.000000,€/anno,,,indeterminata
15125541001,FLEX MY HOME LUCEMRE,034958ESVML01XXFLEXMYHOMELUCEMRE,variabile,12,0.014000,€/kWh,144.000000,€/anno,,,indeterminata
03973800877,ECOSPARK LUCE - BIORARIO,000328ESVFL01XX00000000000OP2005,variabile,12,0.005,€/kWh,132.0,€/anno,,,indeterminata
03973800877,ECOSPARK LUCE - MONORARIO,000328ESVFL01XX00000000000OP2002,variabile,12,0.005,€/kWh,132.0,€/anno,,,indeterminata
03973800877,ECOSPARK LUCE WEB - MONORARIO - RESIDENTE SOTTO 3 kW,000328ESVML01XX00000000000OP2023,variabile,12,0.003,€/kWh,96.0,€/anno,,,indeterminata
03973800877,ECOSPARK LUCE WEB - BIORARIO - RESIDENTE SOTTO 3 kW,000328ESVFL01XX00000000000OP2020,variabile,12,0.003,€/kWh,96.0,€/anno,,,indeterminata
03973800877,ECOSPARK LUCE - MONORARIO - RESIDENTE SOTTO 3 kW,000328ESVML01XX00000000000OP2029,variabile,12,0.005,€/kWh,132.0,€/anno,,,indeterminata
03973800877,ECOSPARK LUCE - BIORARIO - RESIDENTE SOTTO 3 kW,000328ESVFL01XX00000000000OP2026,variabile,12,0.005,€/kWh,132.0,€/anno,,,indeterminata
01985180189,FIX LUCE CASA,000606ESFFL01XXEFIXLUCECASA02606,fisso,,0.158000/0.155000,€/kWh,118.80,€/anno,,,12
01985180189,LEGGERA LUCE,000606ESVFL01XXELEGGERALCD002605,variabile,01,0.000000,€/kWh,150.000000,€/anno,,,12
01985180189,CHIARA GREEN CASA,000606ESVFL01XXECHIARACASACD2604,variabile,01,0.018000,€/kWh,118.800000,€/anno,,,indeterminata
01985180189,CHIARA GREEN CASA DUAL,000606ESVFL01XXECHIARADUALCD2604,variabile,01,0.018000,€/kWh,59.400000,€/anno,,,indeterminata
00099970212,3 Zinnen Energy Privat,000640ESVFL01XXDZEDOMML000000001,variabile,12,0.000000,€/kWh,71.23110,€/anno,,,indeterminata
00488490012,X26LUCEWEBPLUS_S,001145ESVML01XXX26LUCEWEBPLUSS00,variabile,12,0.013200,€/kWh,50.000000,€/anno,,,12
00488490012,SMARTLUCES,001145ESVML01XXSMARTLUCESX000000,variabile,12,0.011000,€/kWh,60.000000,€/anno,,,12
00488490012,X26AEGLUCE,001145ESVML01XXX26AEGLUCE0000000,variabile,12,0.019800,€/kWh,140.000000,€/anno,,,12
00488490012,X26LUCEWEBPLUS,001145ESVML01XXX26LUCEWEBPLUS000,variabile,12,0.015400,€/kWh,50.000000,€/anno,,,12
00488490012,SMARTLUCE,001145ESVML01XXSMARTLUCE00000000,variabile,12,0.013200,€/kWh,60.000000,€/anno,,,12
00488490012,XLUCEPREMIUM_TD_S,001145ESVML01XXXLUCEPREMIUMTDS00,variabile,12,0.013200,€/kWh,100.000000,€/anno,,,36
00488490012,X26AEGLUCE_S,001145ESVML01XXX26AEGLUCES000000,variabile,12,0.017600,€/kWh,120.000000,€/anno,,,12
00488490012,XLUCEPREMIUM_TD,001145ESVML01XXXLUCEPREMIUMTD000,variabile,12,0.015400,€/kWh,100.000000,€/anno,,,36
00488490012,X26PUNTUALE,001145ESVML01XXX26PUNTUALE000000,variabile,12,0.019800,€/kWh,140.000000,€/anno,,,12
00488490012,X26PUNTUALE_S,001145ESVML01XXX26PUNTUALES00000,variabile,12,0.017600,€/kWh,120.000000,€/anno,,,12
07383800724,FAMILY POWER,013783ESVFL01XX00000000000017506,variabile,12,0.014300,€/kWh,156.000000,€/anno,3000,99999999,indeterminata
07383800724,BARI FIX 26,013783ESFFL01XX00000000000017529,fisso,,0.015000,€/kWh,156.000000,€/anno,,,indeterminata
07383800724,B-FLEX LUCE,013783ESVFL01XX00000000000017120,variabile,12,0.016500,€/kWh,120.000000,€/anno,,,indeterminata
01086260773,DOMESTICI EE,001669ESVFL02XXDOMSOLOSECPUNFLEX,variabile,12,0.05,€/kWh,114,€/anno,0,0,12
01864080765,ENERGIA LIBERA CASA_2025,021469ESVFL01XX00000000000017226,variabile,12,0.016500,€/kWh,96.000000,€/anno,,,indeterminata
01864080765,NEW ENERGIA CASA_2025,021469ESVFL01XX00000000000017436,variabile,12,0.019000,€/kWh,144.000000,€/anno,,,indeterminata
07388200482,Devra Premium Luce,042441ESVML01XX00DEVRAPREMLUCE26,variabile,12,0.020000,€/kWh,179.400000,€/anno,,,indeterminata
07388200482,Devra Premium Luce Promo Dual,042441ESVML01XXPREMIUMDUALLUCE26,variabile,12,0.020000,€/kWh,119.400000,€/anno,,,indeterminata
07388200482,Devra Smart Luce,042441ESVML04XX0DEVRASMARTLUCE25,variabile,12,0.030000,€/kWh,239.400000,€/anno,,,99
07388200482,Devra Smart Luce,042441ESVML01XX0DEVRASMARTLUCE26,variabile,12,0.030000,€/kWh,239.400000,€/anno,,,indeterminata
07388200482,Wattiamo Luce,042441ESVML01XX000WATTIAMOLUCE26,variabile,12,0.050000,€/kWh,239.400000,€/anno,,,indeterminata
04476680162,ONDA BLUE LUCE 1.0 DOM,036329ESVFL01XXONDABLUEDOMEE10VA,variabile,12,0.014190,€/kWh,85.000000,€/anno,,,indeterminata
04476680162,ONDA BLUE LUCE 2.0,036329ESVFL01XXONDABLUE0EE202620,variabile,12,0.014215,€/kWh,120.000000,€/anno,,,indeterminata
02259960306,Special Web,000488ESFML01XX000000EFECM0526L3,fisso,,0.130000,€/kWh,108.000000,€/anno,,,indeterminata
02259960306,Relax Casa,000488ESFFL01XX000000EFBC00526L2,fisso,,0.151170/0.157270/0.130920,€/kWh,159.000000,€/anno,,,indeterminata
02598510465,DI.BI.POINT PARTNER BE ONE DOMESTICO 2.0,036844ESVFL01XX01DOMDIBI00000003,variabile,12,0.049000,€/kWh,171.600000,€/anno,,,12
02598510465,BE_ONE_DOM_LISTINO_DIREZIONALE_RID 2.0,036844ESVFL01XX01DOMDIR000000003,variabile,12,0.029900,€/kWh,147.600000,€/anno,,,12
02598510465,PARTNER_PRINK_DOM 2.0,036844ESVFL01XX02PARTNERPRINKDOM,variabile,12,0.038000,€/kWh,144.000000,€/anno,,,12
02598510465,BE_ONE_DOM_LISTINO_UE 2.0,036844ESVFL01XX01DOMUE0000000002,variabile,12,0.029900,€/kWh,171.600000,€/anno,,,12
02598510465,PRO_POWER_DOMESTICO 2.0,036844ESVFL02XX0200000000PROPDOM,variabile,12,0.030000,€/kWh,162.000000,€/anno,,,12
02598510465,BE_ONE_LISTINO_DOM 2.0,036844ESVFL01XX01DOM000000000002,variabile,12,0.050000,€/kWh,171.600000,€/anno,,,12
02598510465,OFFERTA ZERO DOMESTICO 2.0,036844ESVFL01XX01DOMOFFERTAZERO2,variabile,12,0.010000,€/kWh,69.600000,€/anno,,,12
02598510465,DOM_LISTINO_2 2.0,036844ESVFL01XX01DOM200000000002,variabile,12,0.050000,€/kWh,108.000000,€/anno,,,12
02598510465,DOMESTICO_ULTRA 2.0,036844ESVFL01XX01DOMULTRA0000002,variabile,12,0.026000,€/kWh,120.000000,€/anno,,,12
02598510465,DOMESTICO_MEGA 2.0,036844ESVFL01XX01DOMMEGA00000002,variabile,12,0.022000,€/kWh,108.000000,€/anno,,,12
02598510465,BE_ONE_DOM_LISTINO_UE_RID 2.0,036844ESVFL01XX01DOMUE0000000003,variabile,12,0.029900,€/kWh,147.600000,€/anno,,,12
02598510465,BE_ONE_LISTINO_DOM_RID 2.0,036844ESVFL01XX01DOM000000000003,variabile,12,0.050000,€/kWh,147.600000,€/anno,,,12
01867000851,Be Family 06.25,003888ESVFL04XXXXXXXXXXXBFAM0625,variabile,12,0.007,€/kWh,168.0,€/anno,,,indeterminata
01867000851,Be Relax 06.25,003888ESVFL04XXXXXXXXXBRELAX2025,variabile,12,0.007,€/kWh,180.0,€/anno,,,indeterminata
01967760180,LUCE SICURO Rata Costante,000398ESFML03XXBDSIZCORA26060190,fisso,,0.1705,€/kWh,136.32,€/anno,,,12
01967760180,LUCE AGILE,000398ESVFL01XXBDPUZLAGI26040750,variabile,12,0.01650,€/kWh,136.32,€/anno,,,indeterminata
01967760180,LUCE SICURO,000398ESFFL03XXBDFIZSILU26060180,fisso,,0.1705/0.17017,€/kWh,136.32,€/anno,,,12
00894461003,DOMESTICI_FISSA_MONO,001682ESFML18XXBUTANGDOM12XXXBFM,fisso,,0.1815,€/kWh,120.0,€/anno,,,36
00894461003,DOMESTICI_ VARIABILE,001682ESVFL16XXBUTANGDOM36XXXBVF,variabile,12,0.0209,€/kWh,120.0,€/anno,,,36
00894461003,DOMESTICI_SECONDACASA_ VARIABILE,001682ESVFL16XXBUTANGDOM36SECBVF,variabile,12,0.099,€/kWh,51.0,€/anno,,,36
00894461003,DOMESTICI_STG_ VARIABILE,001682ESVFL03XXBUTANGDOM12STGBVF,variabile,12,0.011,€/kWh,60.0,€/anno,,,36
13252590016,ACTIVE ENERGY HOUSE LINE,043873ESVFL01XXEE01HOUSELINE2026,variabile,12,0.0253,€/kWh,120.0,€/anno,,,indeterminata
05099140286,CASA_BIG_EE_2026 Prezzo PUN & SPREAD,027110ESVFL02XX0000CASABIGEE2026,variabile,12,0.014900,€/kWh,168.000000,€/anno,4500,,12
05099140286,PREMIO_FEDELTA’_CASA_EE_2026 PREZZO PUN & SPREAD,027110ESVFL02XX0000FEDCASAEE2026,variabile,12,0.037000,€/kWh,144.000000,€/anno,,,12
05099140286,CASA_SMART_EE_2026 Prezzo PUN & SPREAD,027110ESVFL02XX00CASASMARTEE2026,variabile,12,0.027100,€/kWh,120.000000,€/anno,,,12
05099140286,CASA_OVER_70_EE_2026 PREZZO PUN & SPREAD,027110ESVFL02XX0CASAOVER70EE2026,variabile,12,0.037000,€/kWh,120.000000,€/anno,,,12
05099140286,CASA_BASE_EE_2026 PREZZO PUN & SPREAD,027110ESVFL02XX000CASABASEEE2026,variabile,12,0.040000,€/kWh,180.000000,€/anno,,,12
05099140286,CASA_SMALL_EE_2026 PREZZO PUN & SPREAD,027110ESVFL02XX00CASASMALLEE2026,variabile,12,0.087900,€/kWh,96.000000,€/anno,,600,12
02581190226,Offerta Domestico,035426ESVFL01XXCH4DOMWEB01800120,variabile,12,0.018000,€/kWh,120.000000,€/anno,,,12
10338290017,OFFERTA LUCE VIVA CASA M,003294ESVFL02XXLUCEVIVACASAMXXXX,variabile,12,0.025000,€/kWh,180.000000,€/anno,,,indeterminata
08345840964,EE Casa Standard,021741ESVFL01XX0000000CASTDPUN20,variabile,12,,,180.000000,€/anno,,,indeterminata
12632770967,DOMESTICO FIX 145,041316ESFFL02XX2501DOMEFIX000000,fisso,,0.145000,€/kWh,120.000000,€/anno,,,12
12632770967,CLICK18,041316ESVFL02XX2501CLICKDO000000,variabile,12,0.018000,€/kWh,144.000000,€/anno,,,12
12632770967,START WELCOME GREEN,041316ESVFL02XX2501STARTWL000000,variabile,12,0.013000,€/kWh,114.000000,€/anno,,,12
05941460965,LUCE PREZZO FISSO_2026-06,000971ESFFL01XXPRDEE133010620260,fisso,,0.17583/0.18322/0.15447,€/kWh,120,€/anno,,,12
02796290365,TOP LUCE DOMESTICI 2,000852ESVFL02XXTOPLUCEDOMESTICI2,variabile,12,0.010000,€/kWh,144.000000,€/anno,,,indeterminata
02796290365,COSTI FISSI DUAL DE2,000852DSVFL02XXCOSTIFISSIDUAL24D,variabile,12,0.024700,€/kWh,144.000000,€/anno,,,indeterminata
02796290365,PIU' RELAX LUCE CASA REV.2,000852ESVFL02XXPIURELAXLUCECASA2,variabile,12,0.029900,€/kWh,144.000000,€/anno,,,indeterminata
02796290365,FUTURA EE DOM REV4,000852ESVFL04XX00FUTURAEEDOMREV4,variabile,12,0.027980,€/kWh,144.000000,€/anno,,,indeterminata
02796290365,DUAL FUTURA EE DO R2,000852DSVFL02XXFUTURADUALEEDOM02,variabile,12,0.027980,€/kWh,144.000000,€/anno,,,indeterminata
04390080754,POWER EASY HOME BC,028693ESVFL01XXPOWEREASYHOMBC426,variabile,12,0.011000,€/kWh,60.000000,€/anno,,1999,12
04390080754,POWER FLEX DOMESTICO R _DOM 26,028693ESVFL01XXRINNOVOINTDOM0426,variabile,12,0.050050,€/kWh,165.240000,€/anno,,,24
04390080754,POWER EASY BUSINESS,028693ESVFL02XXPOWEREASYHOME0426,variabile,12,0.011000,€/kWh,120.000000,€/anno,,,12
04390080754,LUCE DINAMICA,028693ESVFL01XXT1POWERINTBCV0425,variabile,12,0.055000,€/kWh,60.000000,€/anno,,,24
04390080754,POWER EASY HOME,028693ESVFL01XXPOWEREASYHOME0426,variabile,12,0.011000,€/kWh,24.000000,€/anno,2000,,12
04390080754,POWER FLEX DOMESTICO R_PRT 26,028693ESVFL01XXFLEXDOMPRTRIN0426,variabile,12,0.050050,€/kWh,165.240000,€/anno,,,24
04390080754,LUCE FLEX STDC,028693ESVFL01XXLUCEDINDOMSTD0426,variabile,12,0.071500,€/kWh,84.000000,€/anno,,5000,12
04390080754,POWER EASY _ HOME,028693ESVFL02XXPOWEREASYHOMBC426,variabile,12,0.011000,€/kWh,144.000000,€/anno,,,12
01032450072,CVA SEMPREGREEN,000784ESVFL06XXCVASEMPREGREENDOM,variabile,12,,,144.00,€/anno,0,100000,indeterminata
01032450072,CVA EASYFLEX,000784ESVFL04XXCVAEASYFLEXDRCASA,variabile,12,,,0.00,€/anno,0,100000,indeterminata
01032450072,CVA EASYFLEX,000784ESVFL04XXCVAEASYFLEXDNCASA,variabile,12,,,36.00,€/anno,0,100000,indeterminata
01032450072,CVA 7,000784ESFML04XXCVASETTEDOMESTICO,fisso,,,,36.00,€/anno,0,100000,indeterminata
05525940655,Il variabile,027241ESVFL01XX20260101EEVARTDR2,variabile,12,0.020000,€/kWh,120.000000,€/anno,,,12
06909290485,PREMIUM CONSUMER P-FIXA DEP,029332ESFFL02XXPREMCONSUPFIXADEP,fisso,,0.318,€/kWh,168.0,€/anno,,,indeterminata
01109590214,LIB-DOM-01-000005,001179ESVFL01XXLIBDOM01000000005,variabile,12,0.055000,€/kWh,800.00,€/anno,0,999999,12
02499020697,FlexiCasa Luce,023706ESVFL04XXDXP0125XFLEXCASEE,variabile,12,0.005500,€/kWh,120.000000,€/anno,,,12
02499020697,Promo 20 Luce,023706ESVFL05XXDXP0125XPROMVENEE,variabile,12,0.005500,€/kWh,120.000000,€/anno,,,12
03372830988,Zero Spread Domestico,013982ESVFL00XXEZERO3PM000000086,variabile,12,0,€/kWh,120,€/anno,,,12
03372830988,Fissiamoci Domestico 3 Fasce WEB - 062026,013982ESFFL00XXEFISS3PF000000131,fisso,,0.14559/0.15931/0.13748,€/kWh,60,€/anno,,,12
03372830988,PREZZO CHIARO DOMESTICO 3F,013982ESVML00XX0000003F08CHIAR96,variabile,12,0.0088,€/kWh,96,€/anno,,,12
03372830988,Fissiamoci Domestico Mono WEB - 062026,013982ESFML00XXEFISSMPF000000132,fisso,,0.14601,€/kWh,60,€/anno,,,12
00816410146,PRIME - LUCE CASA,000938ESVFL01XXEEPRIMED01042026D,variabile,12,0.009900,€/kWh,120.000000,€/anno,,,12
00816410146,WELCOME 48 - LUCE CASA,000938ESVFL01XXEEWEL48N01042026D,variabile,12,0.025300,€/kWh,120.000000,€/anno,,,48
00816410146,FIX FAMILY - LUCE,000938ESFML05XXEEFIXDOM30052026D,fisso,,0.129800,€/kWh,144.000000,€/anno,,,24
00816410146,RELAX 36 - LUCE CASA,000938ESFML02XXEERELDOM30052026D,fisso,,0.119900,€/kWh,144.000000,€/anno,,,36
00816410146,SENZA PENSIERI - LUCE CASA,000938ESVFL01XXEESPD01042026XXXD,variabile,12,0.020900,€/kWh,120.000000,€/anno,,,indeterminata
07474890964,Offerta PUN Semplice20 Domestico Prezzo Variabile,003865ESVOL01XXEEVMLDOAU20250114,variabile,12,0.0200,€/kWh,120,€/anno,,,12
04313920656,ConZeroSpread26,023034ESVFL03XXCONZEROSPREAD0126,variabile,01,0.000000,€/kWh,216.000000,€/anno,,,12
04313920656,ConLuceCasaDom26,023034ESVFL01XXCONLUCECASA010426,variabile,01,0.030000,€/kWh,144.000000,€/anno,,,12
12747340961,UNO B LUCE PO09 FIX6 DOM,038555ESVFL01XX000000UNOBLUCENEW,variabile,12,0.009900,€/kWh,72.000000,€/anno,,,12
12747340961,TRE A LUCE PO25 FIX20 DOM,038555ESVFL01XX000000TREALUCENEW,variabile,12,0.027500,€/kWh,240.000000,€/anno,,,12
12747340961,TRE B LUCE PO19 FIX 18 DOM,038555ESVFL01XX000000TREBLUCENEW,variabile,12,0.020900,€/kWh,216.000000,€/anno,,,12
12747340961,UNO A LUCE PO09 FIX8 DOM,038555ESVFL01XX000000UNOALUCENEW,variabile,12,0.009900,€/kWh,96.000000,€/anno,,,12
12747340961,DUE B LUCE PO13 FIX13 DOM,038555ESVFL01XX000000DUEBLUCENEW,variabile,12,0.014300,€/kWh,156.000000,€/anno,,,12
12747340961,DUE A LUCE PO15 FIX15 DOM,038555ESVFL01XX000000DUEALUCENEW,variabile,12,0.016500,€/kWh,180.000000,€/anno,,,12
02092860663,DAI LUCE CASA,035587ESVFL06XX000000000DNV3P26X,variabile,12,0.014300,€/kWh,180.000000,€/anno,,,99
01812630224,DOLOMITI FLEX LUCE MOBILITY,000139ESVFL01XXW76968WR000000000,variabile,12,,,96,€/anno,,,24
01812630224,DOLOMITI SINERGIKA LUCE,000139ESVFL01XXW76965WR000000000,variabile,12,,,125,€/anno,,,24
01812630224,DOLOMITI FISSO LUCE 12,000139ESFML01XXW76983WR000000000,fisso,,,,84,€/anno,,,12
01812630224,DOLOMITI FLEX 24 LUCE,000139ESVFL01XXW76966WR000000000,variabile,12,,,125,€/anno,,,24
01812630224,DOLOMITI FISSO LUCE 36 BIORARIA,000139ESFFL01XXW76974WR000000000,fisso,,,,84,€/anno,,,36
01812630224,DOLOMITI FISSO LUCE 12 WEB,000139ESFML01XXW76984WR000000000,fisso,,,,72,€/anno,,,12
01812630224,DOLOMITI FISSO LUCE 36 AZIENDA,000139ESFML01XXW76972WR000000000,fisso,,,,84,€/anno,,,36
01812630224,DOLOMITI FISSO LUCE 36 BIORARIA WEB,000139ESFFL01XXW76978WR000000000,fisso,,,,72,€/anno,,,36
01812630224,AZIENDA AGILE LUCE,000139ESVFL01XXW76960WR000000000,variabile,12,,,125,€/anno,,,24
01812630224,DOLOMITI FISSO LUCE 36 WEB,000139ESFML01XXW76979WR000000000,fisso,,,,72,€/anno,,,36
01812630224,DOLOMITI FISSO LUCE 120,000139ESFML01XXW76970WR000000000,fisso,,,,120,€/anno,,,indeterminata
01812630224,DOLOMITI FISSO LUCE 36,000139ESFML01XXW76975WR000000000,fisso,,,,84,€/anno,,,36
17046371005,PLACET DOMESTICA VAR EE,039612ESVFL01XXDOMINO00000000001,variabile,12,0.03,€/kWh,144.0,€/anno,,,indeterminata
01016870329,FIX FAMILY CUN 3,003450ESFML01XX00000010072710626,fisso,12,0.1182,€/kWh,241.2311,€/anno,0,5000,12
01016870329,FIX FAMILY SEMPRE ZERO M,003450ESFFL01XX00000010072590626,fisso,12,0.1393/0.1345,€/kWh,181.2311,€/anno,0,5000,12
01016870329,FIX FAMILY CUN 4,003450ESFFL01XX00000010072660626,fisso,12,0.1363/0.1315,€/kWh,121.2311,€/anno,0,5000,12
01016870329,FIX FAMILY CUN 2,003450ESFFL01XX00000010072680626,fisso,12,0.1263/0.1215,€/kWh,181.2311,€/anno,0,5000,12
01016870329,FIX FAMILY JAZZ,003450ESFML01XX00000010072490626,fisso,12,0.1873/0.1825,€/kWh,133.2311,€/anno,,,12
01016870329,FIX FAMILY POP,003450ESFFL01XX00000010072470626,fisso,12,0.1823/0.1775,€/kWh,115.2311,€/anno,,,12
01016870329,FIX FAMILY NEW AGE,003450ESFML01XX00000010072610626,fisso,12,0.1792,€/kWh,97.2311,€/anno,,,12
01016870329,FIX FAMILY NEW AGE,003450ESFFL01XX00000010072620626,fisso,12,0.1823/0.1775,€/kWh,97.2311,€/anno,,,12
01016870329,FIX FAMILY MICRO,003450ESFFL01XX00000010072450626,fisso,12,0.1693/0.1645,€/kWh,169.2311,€/anno,,,12
01016870329,FIX FAMILY MICRO,003450ESFML01XX00000010072460626,fisso,12,0.1662,€/kWh,169.2311,€/anno,,,12
01016870329,FIX FAMILY SEMPRE ZERO XS,003450ESFFL01XX00000010072640626,fisso,12,0.1422,€/kWh,121.2311,€/anno,0,5000,12
01016870329,FIX FAMILY BLUES,003450ESFFL01XX00000010072550626,fisso,12,0.1923/0.1875,€/kWh,175.2311,€/anno,,,12
01016870329,FIX FAMILY CUN 3,003450ESFFL01XX00000010072720626,fisso,12,0.1213/0.1165,€/kWh,241.2311,€/anno,0,5000,12
01016870329,FIX FAMILY CUN 2,003450ESFML01XX00000010072670626,fisso,12,0.1232,€/kWh,181.2311,€/anno,0,5000,12
01016870329,FIX FAMILY CUN 1,003450ESFML01XX00000010072690626,fisso,12,0.1282,€/kWh,145.2311,€/anno,0,5000,12
01016870329,FIX FAMILY SEMPRE ZERO CASA,003450ESFML01XX00000010072760626,fisso,12,0.1492,€/kWh,169.2311,€/anno,0,5000,12
01016870329,FIX FAMILY SEMPRE ZERO M,003450ESFML01XX00000010072600626,fisso,12,0.1362,€/kWh,181.2311,€/anno,0,5000,12
01016870329,FIX FAMILY RAP,003450ESFML01XX00000010072520626,fisso,12,0.1842,€/kWh,157.2311,€/anno,,,12
01016870329,FIX FAMILY BLUES,003450ESFML01XX00000010072560626,fisso,12,0.1892,€/kWh,175.2311,€/anno,,,12
01016870329,FIX FAMILY SEMPRE ZERO S,003450ESFML01XX00000010072580626,fisso,12,0.1392,€/kWh,145.2311,€/anno,0,5000,12
01016870329,FIX FAMILY ROCk,003450ESFML01XX00000010072540626,fisso,12,0.1892,€/kWh,175.2311,€/anno,,,12
01016870329,FIX FAMILY SEMPRE ZERO L,003450ESFFL01XX00000010072730626,fisso,12,0.1373/0.1325,€/kWh,241.2311,€/anno,0,5000,12
01016870329,FIX FAMILY SEMPRE ZERO S,003450ESFFL01XX00000010072570626,fisso,12,0.1423/0.1375,€/kWh,145.2311,€/anno,0,5000,12
01016870329,FIX FAMILY SEMPRE ZERO CASA,003450ESFFL01XX00000010072750626,fisso,12,0.1523/0.1475,€/kWh,169.2311,€/anno,0,5000,12
01016870329,FIX FAMILY RAP,003450ESFFL01XX00000010072510626,fisso,12,0.1873/0.1825,€/kWh,157.2311,€/anno,,,12
01016870329,FIX FAMILY SEMPRE ZERO XS,003450ESFML01XX00000010072630626,fisso,12,0.1422,€/kWh,121.2311,€/anno,0,5000,12
01016870329,FIX FAMILY POP,003450ESFML01XX00000010072480626,fisso,12,0.1792,€/kWh,115.2311,€/anno,,,12
01016870329,FIX FAMILY SEMPRE ZERO L,003450ESFML01XX00000010072740626,fisso,12,0.1342,€/kWh,241.2311,€/anno,0,5000,12
01016870329,FIX FAMILY ROCk,003450ESFFL01XX00000010072530626,fisso,12,0.1923/0.1875,€/kWh,175.2311,€/anno,,,12
01016870329,FIX FAMILY CUN 4,003450ESFML01XX00000010072650626,fisso,12,0.1332,€/kWh,121.2311,€/anno,0,5000,12
01016870329,FIX FAMILY CUN 1,003450ESFFL01XX00000010072700626,fisso,12,0.1313/0.1265,€/kWh,145.2311,€/anno,0,5000,12
01016870329,FIX FAMILY JAZZ,003450ESFML01XX00000010072500626,fisso,12,0.1842,€/kWh,133.2311,€/anno,,,12
03317680217,Deloa Casa Genesis Luce Promo,044483ESVFL01XX000000000PROMODOM,variabile,12,0.015950,€/kWh,97.230000,€/anno,,,indeterminata
03317680217,Deloa Casa Genesis Luce,044483ESVFL01XX0000000000000MDOM,variabile,12,0.027500,€/kWh,121.230000,€/anno,,,indeterminata
03317680217,Deloa Casa Genesis Luce Top,044483ESVFL01XX00000000000TDOM01,variabile,12,0.020350,€/kWh,109.230000,€/anno,,,indeterminata
05170270283,LDLVO2605SELFIE Luce Domestico Variabile,028595ESVOL01XX00000000000031329,variabile,12,,,120,€/anno,,,12
03429130234,E.ON Luce Tua,000362ESFML01XXLS16S0D000000A000,fisso,,,,121.2311,€/anno,,,12
03429130234,E.ON Flex Luce,000362ESVFL01XXZG36S0DFLX000C000,variabile,01,,,121.2311,€/anno,,,12
03429130234,E.ON LuceVerde Casa Bioraria,000362ESFFL01XXLS26S0DACR000E000,fisso,,,,145.2311,€/anno,,,12
03429130234,E.ON Luce Solar Dream,000362ESFFL01XXZH36S0DSD0000V000,fisso,,,,157.2311,€/anno,,,12
03429130234,E.ON FlexClick Luce - PROMO,000362ESVFL01XXZG36S0DFLXD00A000,variabile,01,,,109.2311,€/anno,,,12
03429130234,E.ON Ore Per Te,000362ESFML01XXLZ16S0D000000A000,fisso,,,,121.2311,€/anno,,,12
03429130234,E.ON Luce Drive Smarty,000362ESVFL01XXZY36S0DDS0000A000,variabile,01,,,121.2311,€/anno,,,12
03429130234,E.ON Luce Tua Per 24 Bioraria,000362ESFFL01XXZL26S0D000000B000,fisso,,,,121.2311,€/anno,,,24
03429130234,E.ON FreeComfort Luce Casa,000362ESVFL01XXZG36S0DACRFC0A000,variabile,01,,,157.2311,€/anno,,,12
03429130234,E.ON Luce - Amico new,000362ESFML01XXLS16S0DA00000A000,fisso,,,,121.2311,€/anno,,,12
03429130234,E.ON Luce Tua Per 24,000362ESFML01XXZL16S0D000000B000,fisso,,,,121.2311,€/anno,,,24
03429130234,E.ON Luce Solar Dream Amico,000362ESFFL01XXZH36S0DASD000V000,fisso,,,,157.2311,€/anno,,,12
03429130234,E.ON LuceClick biorariaVerde,000362ESFFL01XXL626S0D000000A000,fisso,,,,109.2311,€/anno,,,12
03429130234,E.ON Luce Casa Per 24,000362ESFML01XXZL16S0DACR000C000,fisso,,,,145.2311,€/anno,,,24
03429130234,E.ON Luce Casa Per 24 Bioraria,000362ESFFL01XXZL26S0DACR000C000,fisso,,,,145.2311,€/anno,,,24
03429130234,E.ON Luce Tua Bioraria,000362ESFFL01XXLS26S0D000000A000,fisso,,,,121.2311,€/anno,,,12
03429130234,E.ON Luce Chiara Click,000362ESFML01XXLW16S0DD00000A000,fisso,,,,109.2311,€/anno,,,12
03429130234,E.ON Luce Libera Zero,000362ESFML01XXLS16S0DZ00000X000,fisso,,,,69.2711,€/anno,,,12
03429130234,E.ON Luce Insieme,000362DSFML01XXZA16S0D000000A000,fisso,,,,109.2311,€/anno,,,12
03429130234,E.ON Libera Luce,000362ESFML01XXLS16S0D000000X000,fisso,,,,69.2711,€/anno,,,12
03429130234,E.ON Flex Luce Per 24,000362ESVFL01XXZJ36S0DRI0000D000,variabile,01,,,121.2311,€/anno,,,24
03429130234,E.ON Flex Luce Casa,000362ESVFL01XXZG36S0DACR000E000,variabile,01,,,145.2311,€/anno,,,12
03429130234,E.ON LuceClick - Amico new,000362ESFML01XXL616S0DA00000A000,fisso,,,,109.2311,€/anno,,,12
03429130234,E.ON Luce Chiara Light,000362ESFML01XXLW16S0D000000A000,fisso,,,,121.2311,€/anno,,,12
03429130234,E.ON LuceClickVerde,000362ESFML01XXL616S0D000000A000,fisso,,,,109.2311,€/anno,,,12
03429130234,E.ON LuceVerde Casa,000362ESFML01XXLS16S0DACR000E000,fisso,,,,145.2311,€/anno,,,12
03429130234,E.ON Luce Premia,000362ESFML01XXZL16S0DCB0000A000,fisso,,,,109.2311,€/anno,,,24
03471620546,E3Energy PLACET variabile Luce domestico,025369ESVFL01XX00000000000000320,variabile,12,0.066,€/kWh,300,€/anno,,,12
03471620546,ENERGIA ECONOMICA CASA FLEX PLUS ORO NEW,025369ESVFL01XX00000000000000289,variabile,12,0.04499,€/kWh,195,€/anno,,,12
03471620546,ENERGIA CASA FELICE LARGE NEW,025369ESVFL01XX00000000000000298,variabile,12,0.04356,€/kWh,216,€/anno,,,12
03471620546,ENERGIA CASA POWER SPECIAL,025369ESVFL01XX00000000000000286,variabile,12,0.01155,€/kWh,84,€/anno,,,12
03471620546,ENERGIA FLEX  DV CASA FELICE SPECIAL,025369ESVFL01XX00000000000000322,variabile,12,0.0198,€/kWh,58.8,€/anno,,,12
03471620546,ENERGIA FLEX DV CASA FELICE MEDIUM,025369ESVFL01XX00000000000000324,variabile,12,0.0187,€/kWh,144,€/anno,,,12
03471620546,LUCE INDEX CASA NEW,025369ESVFL01XX00000000000000303,variabile,12,0.03839,€/kWh,114,€/anno,,,12
03471620546,FIX CASA SICURA NEW,025369ESFFL01XX00000000000000314,fisso,,0.1694,€/kWh,180,€/anno,,,12
03471620546,LUCE CASA FLEX DO STANDARD NEW,025369ESVFL01XX00000000000000302,variabile,12,0.04279,€/kWh,140,€/anno,,,12
03471620546,LUCE PER SEMPRE CASA BASIC 1 NEW,025369ESVFL01XX00000000000000305,variabile,12,0.0363,€/kWh,100,€/anno,,,12
03471620546,ENERGIA ECONOMICA CASA FIX AMICO NEW,025369ESFFL01XX00000000000000310,fisso,,0.17908,€/kWh,175,€/anno,,,12
03471620546,ENERGIA SUPER ECONOMICA FAST NEW,025369ESVFL01XX00000000000000297,variabile,12,0.011979,€/kWh,120,€/anno,,,12
03471620546,ENERGIA FLEX DV CASA FELICE LIGHT,025369ESVFL01XX00000000000000325,variabile,12,0.0198,€/kWh,180,€/anno,,,12
03471620546,FIX DOMESTICO FACILE NEW,025369ESFFL01XX00000000000000315,fisso,,0.1815,€/kWh,156,€/anno,,,12
03471620546,E3Energy  PLACET fissa Luce domestico,025369ESFFL01XX00000000000000318,fisso,,0.319/0.275,€/kWh,300,€/anno,,,12
03471620546,E3E DOMASSE BASIC NEW,025369ESVFL01XX00000000000000294,variabile,12,0.02266,€/kWh,117,€/anno,,,12
03471620546,LUCE SICURA CASA NEW,025369ESFFL01XX00000000000000316,fisso,,0.16819,€/kWh,114,€/anno,,,12
03471620546,ENERGIA ECONOMICA CASA FLEX ORO NEW,025369ESVFL01XX00000000000000292,variabile,12,0.04499,€/kWh,175,€/anno,,,12
03471620546,LUCE PER SEMPRE CASA DIAMOND NEW,025369ESVFL01XX00000000000000306,variabile,12,0.0231,€/kWh,130,€/anno,,,12
03471620546,ENERGIA FIX DV CASA SERENA MEDIUM,025369ESFFL01XX00000000000000330,fisso,,0.15994,€/kWh,144,€/anno,,,12
03471620546,ENERGIA FLEX DV  CASA FELICE BASIC,025369ESVFL01XX00000000000000323,variabile,12,0.017699,€/kWh,119.88,€/anno,,,12
03471620546,ENERGIA FIX DV CASA SERENA LIGHT,025369ESFFL01XX00000000000000331,fisso,,0.15499,€/kWh,144,€/anno,,,12
03471620546,ENERGIA FIX DV CASA SERENA BASIC,025369ESFFL01XX00000000000000329,fisso,,0.1749,€/kWh,119.88,€/anno,,,12
03471620546,ENERGIA FIX SPECIAL DOMESTICO,025369ESFFL01XX00000000000000283,fisso,,0.1749,€/kWh,180,€/anno,,,12
03471620546,ENERCASAE3E NEW,025369ESVFL01XX00000000000000308,variabile,12,0.03388,€/kWh,115,€/anno,,,12
03471620546,ENERGIA ECONOMICA CASA FLEX,025369ESVFL01XX00000000000000293,variabile,12,0.04499,€/kWh,165,€/anno,,,12
03471620546,E3E DOMASSE LARGE NEW,025369ESVFL01XX00000000000000296,variabile,12,0.02948,€/kWh,142,€/anno,,,12
03471620546,ENERGIA  CASA FELICE MEDIUM NEW,025369ESVFL01XX00000000000000299,variabile,12,0.03509,€/kWh,192,€/anno,,,12
03471620546,ENERGIA CASA FELICE BASIC NEW,025369ESVFL01XX00000000000000300,variabile,12,0.02662,€/kWh,168,€/anno,,,12
03471620546,ENERGIA ECONOMICA CASA FIX PLUS AMICO NEW,025369ESFFL01XX00000000000000311,fisso,,0.17908,€/kWh,215,€/anno,,,12
03471620546,LUCE CASA FLEX DO AMICO PER AMICO NEW,025369ESVFL01XX00000000000000301,variabile,12,0.04279,€/kWh,170,€/anno,,,12
03471620546,E3E DOMASSE MEDIUM NEW,025369ESVFL01XX00000000000000295,variabile,12,0.02607,€/kWh,127,€/anno,,,12
03471620546,ENERGIA ECONOMICA CASA FIX ORO NEW,025369ESFFL01XX00000000000000309,fisso,,0.17908,€/kWh,195,€/anno,,,12
03471620546,DOMESTICO FIX NEW,025369ESFFL01XX00000000000000313,fisso,,0.18029,€/kWh,144,€/anno,,,12
03471620546,ENERGIA ECONOMICA CASA FLEX PLUS AMICO NEW,025369ESVFL01XX00000000000000288,variabile,12,0.04499,€/kWh,215,€/anno,,,12
03471620546,LUCE PER SEMPRE CASA RUBINO NEW,025369ESVFL01XX00000000000000307,variabile,12,0.0308,€/kWh,130,€/anno,,,12
03471620546,ENERGIA CASA ECONOMICA FIX NEW,025369ESFFL01XX00000000000000312,fisso,,0.161172,€/kWh,164,€/anno,,,12
03471620546,LUCE FLEX DO NEW,025369ESVFL01XX00000000000000304,variabile,12,0.034738,€/kWh,150,€/anno,,,12
03471620546,ENERGIA ECONOMICA CASA FLEX NEW,025369ESVFL01XX00000000000000290,variabile,12,0.04499,€/kWh,185,€/anno,,,12
03471620546,ENERGIA ECONOMICA CASA FLEX AMICO NEW,025369ESVFL01XX00000000000000291,variabile,12,0.04499,€/kWh,195,€/anno,,,12
01966170563,ENERGIA CASA,042307ESVFL01XXENERGIACASA202605,variabile,12,0.0385,€/kWh,84.0,€/anno,,,indeterminata
09118690966,ECO EE DOMESTIC GOLD ON,024490ESVFL01XX00000000000005432,variabile,12,0.003000,€/kWh,160.800000,€/anno,,,12
09118690966,ECO EE DOMESTIC SILVER,024490ESVFL01XX00000000000000071,variabile,12,0.003000,€/kWh,166.800000,€/anno,,,12
09118690966,ECO EE DOMESTIC GOLD,024490ESVFL01XX00000000000000072,variabile,12,0.003000,€/kWh,136.800000,€/anno,,,12
08000190721,TRIS LUCE GREEN,028056ESVFL02XX0000TRISLUCEGREEN,variabile,12,0.049500,€/kWh,457.800000,€/anno,,,12
08000190721,LUCE ZERO,028056ESVFL02XX000000000LUCEZERO,variabile,12,0.033000,€/kWh,204.000000,€/anno,,,12
08000190721,FAMILY LUCE GREEN,028056ESVFL02XX00FAMILYLUCEGREEN,variabile,12,0.049500,€/kWh,397.800000,€/anno,,,12
11655010962,START_MY_HOME_LUCE,036868DSVFL01XXMYHOMESTARTEE0NEW,variabile,01,0.018000,€/kWh,120.000000,€/anno,,,12
11655010962,FIX_HOME_LUCE_PLUS,036868ESFML01XX0FIX0HOME0PLUS0EE,fisso,,0.145000,€/kWh,111.000000,€/anno,,,17
11655010962,MY_HOME_LUCE,036868ESVFL01XX0MY0HOME0NEW0LUCE,variabile,01,0.018000,€/kWh,120.000000,€/anno,,,12
11655010962,FIX_HOME_LUCE_PLUS_DUAL,036868DSFML01XXFIXHOMEPLUSEEDUAL,fisso,,0.145000,€/kWh,111.000000,€/anno,,,17
11655010962,MY_HOME_LUCE,036868DSVFL01XXMYHOME0NEW0LUCE0D,variabile,01,0.018000,€/kWh,120.000000,€/anno,,,12
11655010962,START_MY_HOME_LUCE,036868ESVFL01XXMYHOMESTARTEE0NEW,variabile,01,0.018000,€/kWh,120.000000,€/anno,,,12
05288940280,.+Libero LUCE WEB PO 26,035442ESVFL01XXWEB0E03F0DOM0V4PO,variabile,12,0.0195,€/kWh,114,€/anno,,,12
09206891211,"EE DOM SPREAD 0,020 ENERLUX",029752ESVFL01XXxENERLUXx3xxxxxxx,variabile,12,0.020000,€/kWh,60.000000,€/anno,,,indeterminata
01262680190,EQUA LUCE,000732ESFML01XXEQED2606XXXXXXXXX,fisso,,0.149000,€/kWh,110.000000,€/anno,,,indeterminata
01262680190,ALCHIMIA LUCE H24,000732ESVML02XXALEDH2606XXXXXXXX,variabile,12,0.025900,€/kWh,126.000000,€/anno,,,indeterminata
01262680190,ARMONIA LUCE (TRIORARIA),000732ESFFL01XXRFED2606XXXXXXXXX,fisso,,0.165000/0.169000/0.145000,€/kWh,126.000000,€/anno,,,indeterminata
08118571218,LIGHT_20_FAMILY,023997ESVFL01XXFLUXDMxxxLIGHTx20,variabile,12,0.020,€/kWh,144,€/anno,0,0,12
02605060926,Punto fisso Casa,000667ESFML01XX0PFLUNUD1926FX0AG,fisso,,0.169,€/kWh,192.00,€/anno,,,12
02605060926,Top Family LuceFix,000667ESFML01XX0TFLUNUD1926FX0AG,fisso,,0.159,€/kWh,144.00,€/anno,,,12
02605060926,Free Family Luce,000667ESVOL01XX0FFLUNUD1926PN0AG,variabile,12,0.05,€/kWh,78.00,€/anno,,,indeterminata
02605060926,Small Family Luce,000667ESVOL01XX0SFLUNUD1926PN0AG,variabile,12,0.030,€/kWh,144.00,€/anno,,,indeterminata
02605060926,Carpe Diem CASA,000667ESVOL01XX0CDCUNUD1926PN0VD,variabile,12,0.005,€/kWh,72.00,€/anno,,,indeterminata
02605060926,Punto Zero Casa,000667ESVOL01XX0PZLUNUD1926PN0AG,variabile,12,0.03,€/kWh,144.00,€/anno,,,indeterminata
02605060926,Easy Family Luce,000667ESVOL01XX0EFLUNUD1926PN0AG,variabile,12,0.02,€/kWh,108.00,€/anno,,,indeterminata
02605060926,Top Family Luce,000667ESVOL01XX0TFLUNUD1926PN0AG,variabile,12,0.010,€/kWh,144.00,€/anno,,,indeterminata
02605060926,Punto Luce Casa,000667ESVOL01XX0PILUNUD1926PN0AG,variabile,12,0.05,€/kWh,144.00,€/anno,,,indeterminata
11319110968,LUCE_RELAX - Seconde case,035471ESVML01XX00000001LUCERELAX,variabile,12,0.044,€/kWh,48,€/anno,,,indeterminata
11319110968,LUCE TRASPARENTE DOMESTICI,035471ESVML01XXLUCETRASPARENTEDO,variabile,12,0.0275,€/kWh,120,€/anno,,,indeterminata
03734410040,FLEX Home Energia Elettrica,027074ESVFL01XXXEEFLEXHOMXXX0426,variabile,12,0.0209,€/kWh,156,€/anno,,,indeterminata
10564110962,Locale Luce 2026,028628ESVFL01XX000LOCALELUCE0526,variabile,12,0.264,€/kWh,108,€/anno,,,12
10564110962,WEB Luce 2026€,028628ESVFL01XX000000WEBLUCE0526,variabile,12,0.055,€/kWh,600,€/anno,,,12
10564110962,Blocca Luce,028628ESFML01XX00000BLOCCALUCE26,fisso,,0.165,€/kWh,132,€/anno,,,indeterminata
04211550241,E_PLUS_NOV_DOM_NEW2,030231ESVFL01XX105EINDFSTDSMALL1,variabile,01,0.014000,€/kWh,144.000000,€/anno,,,indeterminata
05338370751,EPOP FISSO SENZA PENSIERI LUCE,041219ESFML06XX0000SENZAPENSIERI,fisso,,0.123000,€/kWh,144.000000,€/anno,,,indeterminata
05338370751,FIX FAMILY ROYAL LUCE,041219ESFML06XX00FIXDOMROYALLUCE,fisso,,0.123000,€/kWh,120.000000,€/anno,,,indeterminata
05338370751,FUTURA LUCE CASA,041219ESVFL02XX000FUTURALUCECASA,variabile,12,0.014000,€/kWh,99.000000,€/anno,,,indeterminata
05338370751,EPOP ROYAL LUCE PROMO,041219ESVFL02XX000ROYALLUCEPROMO,variabile,12,0.013000,€/kWh,96.000000,€/anno,,,indeterminata
05338370751,FLEX FAMILY EASY LUCE,041219ESVFL12XX000000FLEXDOMEASY,variabile,12,0.012500,€/kWh,108.000000,€/anno,,,indeterminata
05338370751,FLEX FAMILY NEXT LUCE,041219ESVFL03XX000000FLEXDOMNEXT,variabile,12,0.016500,€/kWh,198.000000,€/anno,,,indeterminata
05338370751,FLEX FAMILY RELAX LUCE,041219ESVFL12XX00000FLEXDOMRELAX,variabile,12,0.019500,€/kWh,120.000000,€/anno,,,indeterminata
05338370751,OFFERTA DEDICATA LUCE,041219ESFML02XX00000DEDICATALUCE,fisso,,0.109000,€/kWh,96.000000,€/anno,,,indeterminata
05338370751,FLEX FAMILY CHIARA LUCE,041219ESVFL06XX0000FLEXFAMCHIARA,variabile,12,0.015000,€/kWh,174.000000,€/anno,,,indeterminata
05338370751,ROYAL ZERO LUCE,041219ESVFL02XX0000ROYALZEROLUCE,variabile,12,0.000000,€/kWh,180.000000,€/anno,,,indeterminata
05338370751,EPOP CONSORZIO LIDO DEI PINI,041219ESVFL01XX00CONSLIDODEIPINI,variabile,12,0.012000,€/kWh,84.000000,€/anno,,,indeterminata
05338370751,FIX FAMILY FREE LUCE,041219ESFML02XX0000000FIXFAMFREE,fisso,,0.123000,€/kWh,120.000000,€/anno,,,indeterminata
05338370751,FLEX FAMILY FREE LUCE,041219ESVFL01XX000000FLEXFAMFREE,variabile,12,0.013700,€/kWh,120.000000,€/anno,,,indeterminata
05338370751,FLEX MEA ASSICURAZIONI LUCE,041219ESVFL02XX000000FLEXMEALUCE,variabile,12,0.014000,€/kWh,96.000000,€/anno,,,indeterminata
05338370751,FLEX FAMILY ROYAL LUCE,041219ESVFL02XX0FLEXDOMROYALLUCE,variabile,12,0.025000,€/kWh,144.000000,€/anno,,,indeterminata
05338370751,FLEX FAMILY LIGHT LUCE,041219ESVFL11XX00000FLEXDOMLIGHT,variabile,12,0.015000,€/kWh,144.000000,€/anno,,,indeterminata
10802400969,SICURA HOME PLUS,029456ESFML01XX44202SICURAXHOEPU,fisso,,0.179300,€/kWh,180.000000,€/anno,,,12
10802400969,SICURA HOME TOP,029456ESFML01XX44203SICURAXHOEPU,fisso,,0.179300,€/kWh,180.000000,€/anno,,,12
10802400969,OFFERTA 30 E LODE MAXI,029456ESVFL01XX44308OFFERTAX3EPN,variabile,12,0.025300,€/kWh,180.000000,€/anno,,,24
10802400969,Taglia Costante,029456ESFML01XX44297TagliaXCoEPN,fisso,,0.151800,€/kWh,180.000000,€/anno,,,24
10802400969,CASA SICURA PLUS,029456ESFML01XX44295CASAXSICUEPN,fisso,,0.157300,€/kWh,180.000000,€/anno,,,12
10802400969,CASA SICURA TOP,029456ESFML01XX44296CASAXSICUEPN,fisso,,0.146300,€/kWh,180.000000,€/anno,,,12
10802400969,CASA SICURA TOP,029456ESFML01XX44628CASAXSICUMAL,fisso,,0.146300,€/kWh,204.000000,€/anno,,,12
10802400969,CASA DINAMICA TOP GREEN,029456ESVFL01XX44029CASAXDINAANT,variabile,12,0.018150,€/kWh,180.000000,€/anno,,,12
10802400969,CASA SICURA PLUS,029456ESFML01XX44627CASAXSICUMAL,fisso,,0.157300,€/kWh,204.000000,€/anno,,,12
10802400969,CASA SICURA,029456ESFML01XX44294CASAXSICUEPN,fisso,,0.146300,€/kWh,180.000000,€/anno,,,24
10802400969,CASA DINAMICA PLUS,029456ESVFL01XX44210CASAXDINAEPU,variabile,12,0.016500,€/kWh,180.000000,€/anno,,,12
10802400969,CASA FISSA GREEN,029456ESFML01XX44027CASAXFISSANT,fisso,,0.162800,€/kWh,180.000000,€/anno,,,12
10802400969,CASA DINAMICA TOP,029456ESVFL01XX44211CASAXDINAEPU,variabile,12,0.016500,€/kWh,180.000000,€/anno,,,12
10802400969,SICURA HOME,029456ESFML01XX44201SICURAXHOEPU,fisso,,0.179300,€/kWh,180.000000,€/anno,,,12
10802400969,CASA DINAMICA,029456ESVFL01XX44209CASAXDINAEPU,variabile,12,0.016500,€/kWh,180.000000,€/anno,,,indeterminata
10802400969,CASA FISSA TOP GREEN,029456ESFML01XX44026CASAXFISSANT,fisso,,0.146300,€/kWh,180.000000,€/anno,,,12
14311741004,CONSUMER POWER INDEX,026700ESVFL01XXPUN08D030841023XX,variabile,12,0.0176,€/kWh,84,€/anno,,,indeterminata
14311741004,FLEXY WEB POWER,026700ESVFL01XXPUN00D00060CASAXP,variabile,12,0,€/kWh,60,€/anno,,,indeterminata
14311741004,CONSUMER POWER INDEX,026700ESVFL01XXPUN20D021200123XX,variabile,12,0.0297,€/kWh,120,€/anno,,,indeterminata
14311741004,CASA POWER INDEX,026700ESVFL01XXPUN25D00144CASAXX,variabile,12,0.033,€/kWh,144,€/anno,,,indeterminata
14311741004,CASA SMART POWER,026700ESVFL01XXPUN30D00090CASAXX,variabile,12,0.0385,€/kWh,90,€/anno,,,indeterminata
14311741004,CASA FLEX POWER,026700ESVFL01XXPUN15D00120CASAXX,variabile,12,0.022,€/kWh,120,€/anno,,,indeterminata
14311741004,CONSUMER POWER INDEX,026700ESVFL01XXPUN25D00120CASAXX,variabile,12,0.0275,€/kWh,120,€/anno,,,indeterminata
14311741004,CONSUMER POWER INDEX,026700ESVFL01XXPUN40D001800123XX,variabile,12,0.044,€/kWh,180,€/anno,,,indeterminata
14311741004,CONSUMER POWER INDEX,026700ESVFL01XXPUN30D001800123XX,variabile,12,0.033,€/kWh,180,€/anno,,,indeterminata
14311741004,CONSUMER POWER INDEX,026700ESVFL01XXPUN20D001800123XX,variabile,12,0.022,€/kWh,180,€/anno,,,indeterminata
14311741004,GIUSTA PER TE POWER CASA,026700ESVFL01XXPUN27D021202023XB,variabile,12,0.0374,€/kWh,139.2,€/anno,,,indeterminata
14311741004,CONSUMER POWER INDEX,026700ESVFL01XXPUN15D041200123XX,variabile,12,0.0264,€/kWh,139.2,€/anno,,,indeterminata
14311741004,CONSUMER POWER INDEX,026700ESVFL01XXPUN34D021502211XX,variabile,12,0.0374,€/kWh,120,€/anno,,,indeterminata
14311741004,CASA POWER INDEX,026700ESVFL01XXPUN25D00156CASAXX,variabile,12,0.033,€/kWh,156,€/anno,,,indeterminata
14311741004,DINAMICA CASA POWER,026700ESVFL01XXPUN30D00168CASAXX,variabile,12,0.044,€/kWh,168,€/anno,,,indeterminata
14311741004,CONSUMER POWER INDEX,026700ESVFL01XXPUN20D00120CASAXX,variabile,12,0.0275,€/kWh,120,€/anno,,,indeterminata
14311741004,CASA SMART POWER,026700ESVFL01XXPUN25D00180CASAXX,variabile,12,0.033,€/kWh,180,€/anno,,,indeterminata
14311741004,CASA SMART POWER,026700ESVFL01XXPUN30D00150CASAXX,variabile,12,0.033,€/kWh,150,€/anno,,,indeterminata
14311741004,CONSUMER PLUS WECOMM,026700ESVFL01XXPUN20D031392024XX,variabile,12,0.0308,€/kWh,139.2,€/anno,,,indeterminata
14311741004,GIUSTA PER TE POWER CASA,026700ESVFL01XXPUN27D021202023XX,variabile,12,0.0374,€/kWh,139.2,€/anno,,,indeterminata
14311741004,FIX WEB POWER,026700ESFFL01XXFIX132D00060CASAP,fisso,,0.1452,€/kWh,60,€/anno,,,12
14311741004,SMART CONSUMER POWER INDEX,026700ESVFL01XXPUN25D031632024XX,variabile,12,0.0363,€/kWh,163.2,€/anno,,,indeterminata
14311741004,FLEXY SOCIAL POWER,026700ESVFL01XXPUN10D00072CASAXX,variabile,12,0.011,€/kWh,72,€/anno,,,indeterminata
10961500963,POWER DIGITAL SOSTENIBILE,039894ESVML02XX0000000000000E301,variabile,01,0.0363,€/kWh,144,€/anno,,,12
05959600650,POWER DIGITAL,036156ESVFL01XX00000000000000E99,variabile,01,0.033,€/kWh,144,€/anno,,,12
05959600650,POWER FISSO 021 RESIDENZIALE,036156ESVFL01XX0000000000000E216,fisso,,0.231,€/kWh,189.17,€/anno,,,12
02189860063,F1RST,000552ESVFL02XX426F1RSTDOMESTICI,variabile,12,0.02189,€/kWh,72,€/anno,,,indeterminata
02189860063,Energica Km0,000552ESFML01XX626ENERGICAKM0DOM,fisso,,0.1595,€/kWh,120,€/anno,,,12
07262970721,ENERGIE CASA PUN 2026,027851ESVFL01XXoP345CC102SPF2026,variabile,12,0.0385,€/kWh,102,€/anno,0,0,indeterminata
07262970721,ENERGIE IMPRESA PUN,027851ESVFL01XX_P15CC150SB02_IMP,variabile,12,0.0165,€/kWh,150,€/anno,0,0,indeterminata
09543640966,PUN 3FASCE DOMESTICI 100% GREEN,025480ESVFL04XXTRIDOMAPR20263PUN,variabile,12,0.015000,€/kWh,77.00,€/anno,,10000,12
04084100249,MASSIMA TUTELA CASA MONO,027069ESVML01XX000MTEC202606MONO,variabile,05,0.006500,€/kWh,84.000000,€/anno,,,12
04084100249,MASSIMA TUTELA CASA,027069ESVFL01XX0000000MTEC202606,variabile,05,0.006500,€/kWh,84.000000,€/anno,,,indeterminata
09958870967,LUCE NO STRESS CONSUMER,026954ESVFL00XX0NOSTRESSLUCECONS,variabile,12,0.017600,€/kWh,72.000000,€/anno,,,12
09958870967,LUCE NO STRESS PIANO CONSUMER,026954ESVFL00XX0NOSTRELUCEPIANOC,variabile,12,0.017600,€/kWh,72.000000,€/anno,,,12
02930720780,Offerta EP SEMPLICE EE_DOM,002290ESVFL01XXEPSEMPLICEDOM2025,variabile,12,0.02,€/kWh,144,€/anno,,,12
03946001207,VERA LUCE PLUS,037078ESVFL01XX00000VERALUCEPLUS,variabile,12,0.040700,€/kWh,144.000000,€/anno,,,12
03946001207,VERA LUCE,037078ESVFL01XX000000000VERALUCE,variabile,12,0.040700,€/kWh,108.000000,€/anno,,,12
03318060542,Enerviva Flex Luce Plus CO2FREE,017257ESVOL01XX000000ENCPRCD2604,variabile,12,0.038999,€/kWh,48,€/anno,,,12
03318060542,Enerviva Trend Luce CO2FREE,017257ESVOL01XX000000ENCPRCE2606,variabile,12,0.058799,€/kWh,222.000000,€/anno,,,12
03318060542,Enerviva Casa Protetta CO2FREE,017257ESVOL01XX000000ENCPRCE2604,variabile,12,0.038999,€/kWh,0,€/anno,,,12
03318060542,Enerviva Flex Luce,017257ESVOL01XX000000ENCPNCC2604,variabile,12,0.028999,€/kWh,48,€/anno,,,12
03318060542,Enerviva Flex Luce CO2FREE,017257ESVOL01XX000000ENCPRCC2604,variabile,12,0.028999,€/kWh,48,€/anno,,,12
03318060542,Enerviva SenzaPensieri Luce fino al 31.12.2027,017257ESFML01XX000000ENCFNCC2604,fisso,,0.179190,€/kWh,48,€/anno,,,20
03318060542,Enerviva Flex Luce Plus,017257ESVOL01XX000000ENCPNCD2604,variabile,12,0.038999,€/kWh,48,€/anno,,,12
03318060542,Enerviva Relax Luce,017257ESVOL01XX000000ENCPNCB2604,variabile,12,0.018999,€/kWh,48,€/anno,,,12
03318060542,Enerviva Relax Luce CO2FREE,017257ESVOL01XX000000ENCPRCB2604,variabile,12,0.018999,€/kWh,48,€/anno,,,12
03889990135,Enjoy Forever,034939ESVFL01XXDWENFORWEW0526W1G,variabile,12,0.020000,€/kWh,164.160000,€/anno,,,12
03889990135,SuperPromoWeb Sole Splendente 2026,034939ESVFL01XXDWSUPERWEW0526W1X,variabile,12,0.005000,€/kWh,120.000000,€/anno,,,12
03889990135,Just Enjoy!,034939ESVFL01XXDWJUSTRWEW0426W1X,variabile,12,0.020000,€/kWh,164.160000,€/anno,,,12
03889990135,Enjoy Forever,034939ESVFL01XXDWENFORWEW0626W1G,variabile,12,0.007727,€/kWh,72.000000,€/anno,,,12
10378510969,EPLUSFLEXFASCE,028330ESVFL01XXDOPUN26051A010500,variabile,12,0.005500,€/kWh,60.000000,€/anno,,,12
10378510969,POWERXPLUS,028330ESVML01XXDOPUN26051A010500,variabile,12,0.005500,€/kWh,60.000000,€/anno,,,12
06469960485,Fisso_EEL_Fisso 2.0_DO,022112ESFML01XXXXXXXXXXEFL26AXDO,fisso,,0.176000,€/kWh,178.800000,€/anno,,,indeterminata
02989180126,DECA,007970ESVOL01XX000000000LUCEDECA,variabile,12,0.011,€/kWh,120,€/anno,,,indeterminata
02321740686,SPECIALE LUCE CASA,037000ESVML01XXELUCECASASPECIALE,variabile,12,0.0035,€/kWh,120,€/anno,,,indeterminata
02321740686,ZERO LUCE CASA,037000ESVML01XXSPREADZEROLUCECAS,variabile,12,0,€/kWh,180,€/anno,,,indeterminata
02321740686,OVER 75 LUCE CASA,037000ESVML01XXEELUCECASAEOVER75,variabile,12,0.0035,€/kWh,96,€/anno,,,indeterminata
02321740686,EASY_HOME_LUCE,037000ESVML01XXEASYLUCECASAE2024,variabile,12,0.0195,€/kWh,120,€/anno,,,indeterminata
04199060288,PiuControllo Active Casa Luce Small 24,001155ESVML01XXPNPCCLS1106260100,variabile,12,0.008030,€/kWh,169.230000,€/anno,,,12
04199060288,PiuControllo Active Casa Luce Small SL,001155ESVFL01XXPNPCCLS1106260200,variabile,12,0.008030,€/kWh,169.230000,€/anno,,,12
04199060288,PiuControllo Active Casa Luce Medium SL,001155ESVFL01XXPNPCCLM1106260200,variabile,12,0.008030,€/kWh,193.230000,€/anno,,,12
04199060288,PiuControllo Active Casa Luce Medium 24,001155ESVML01XXPNPCCLM1106260100,variabile,12,0.008030,€/kWh,193.230000,€/anno,,,12
04199060288,PiuControllo FLAT Casa Luce 24,001155ESFML01XXPCFCL250526010000,fisso,,,,145.230000,€/anno,,,12
04199060288,PiuControllo FLAT Casa Luce SL,001155ESFFL01XXPCFCL250526020000,fisso,,,,145.230000,€/anno,,,12
07893960729,FLEX HOME LIGHT FRIENDS_0426.1,025398ESVFL02XXEEDOMESFRIENLORUS,variabile,12,0.033000,€/kWh,168.000000,€/anno,,,12
07893960729,FLEX HOME LIGHT_0426.1,025398ESVFL07XXM2GDOMESTSPOWER26,variabile,12,0.048400,€/kWh,180.000000,€/anno,,,12
07893960729,LUCE ZEROPENSIERI RESIDENTE,025398ESVFL01XX0LUCEZEROPENSIERI,variabile,12,0.033000,€/kWh,24.000000,€/anno,,3500,12
07893960729,LUCE ZEROPENSIERI RESIDENTE,025398ESVFL05XX0LUCEZEROPENSIERI,variabile,12,0.033000,€/kWh,24.000000,€/anno,,3500,12
07893960729,LUCE ZEROPENSIERI NON RESIDENTE,025398ESVFL06XX0LUCEZEROPENSIERI,variabile,12,0.033000,€/kWh,24.000000,€/anno,,3500,12
07893960729,LUCE ZEROPENSIERI NON RESIDENTE,025398ESVFL10XX0LUCEZEROPENSIERI,variabile,12,0.033000,€/kWh,24.000000,€/anno,,3500,12
07893960729,LUCE ZEROPENSIERI NON RESIDENTE,025398ESVFL14XX0LUCEZEROPENSIERI,variabile,12,0.033000,€/kWh,24.000000,€/anno,,3500,12
07893960729,LUCE ZEROPENSIERI RESIDENTE,025398ESVFL07XX0LUCEZEROPENSIERI,variabile,12,0.033000,€/kWh,24.000000,€/anno,,3500,12
07893960729,FLEX HOME LIGHT_0426.1,025398ESVFL08XX01715DOMESPOWER26,variabile,12,0.027500,€/kWh,24.000000,€/anno,,,99
07893960729,LUCE ZEROPENSIERI RESIDENTE,025398ESVFL17XX0LUCEZEROPENSIERI,variabile,12,0.033000,€/kWh,144.000000,€/anno,,3500,12
07893960729,FLEX HOME LIGHT_0426.1,025398ESVFL04XXDOMESTICOPOWERDEG,variabile,12,0.022000,€/kWh,126.000000,€/anno,,,12
07893960729,FLEX HOME LIGHT PARTNERSHIP_TUTELATY_0426.1,025398ESVFL05XXEEDOMESTCONEUREKA,variabile,12,0.022000,€/kWh,114.000000,€/anno,,,12
07893960729,LUCE ZEROPENSIERI RESIDENTE,025398ESVFL15XX0LUCEZEROPENSIERI,variabile,12,0.033000,€/kWh,24.000000,€/anno,,3500,12
07893960729,FLEX HOME LIGHT_0426.1,025398ESVFL04XXEEDOMESTICLORUSSO,variabile,12,0.033000,€/kWh,24.000000,€/anno,,,12
07893960729,FLEX HOME LIGHT FRIENDS_0426.1,025398ESVFL07XX0RAFADOMESPOWER26,variabile,12,0.027500,€/kWh,24.000000,€/anno,,,99
07893960729,LUCE ZEROPENSIERI NON RESIDENTE,025398ESVFL18XX0LUCEZEROPENSIERI,variabile,12,0.033000,€/kWh,144.000000,€/anno,,3500,12
07893960729,FLEX HOME LIGHT FIDELITY_0426.1,025398ESVFL06XXIOSCHFIDEDOMPOW26,variabile,12,0.022000,€/kWh,24.000000,€/anno,,,99
07893960729,FLEX HOME LIGHT FIDELITY_0426.1,025398ESVFL10XXRAFAFIDELDOMPOW26,variabile,12,0.022000,€/kWh,24.000000,€/anno,,,99
07893960729,FLEX HOMELIGHT FIDELITY_0426.1,025398ESVFL05XXEEDOMFIDELICHIARO,variabile,12,0.033000,€/kWh,24.000000,€/anno,,,12
07893960729,FLEX HOME LIGHT FRIENDS_0426.1,025398ESVFL06XXIOSCHDOMESPOWER26,variabile,12,0.027500,€/kWh,144.000000,€/anno,,,99
07893960729,LUCE ZEROPENSIERI NON RESIDENTE,025398ESVFL02XX0LUCEZEROPENSIERI,variabile,12,0.033000,€/kWh,24.000000,€/anno,,3500,12
07893960729,LUCE ZEROPENSIERI RESIDENTE,025398ESVFL09XX0LUCEZEROPENSIERI,variabile,12,0.033000,€/kWh,24.000000,€/anno,,3500,12
07893960729,LUCE ZEROPENSIERI NON RESIDENTE,025398ESVFL11XX0LUCEZEROPENSIERI,variabile,12,0.033000,€/kWh,24.000000,€/anno,,3500,12
07893960729,LUCE ZEROPENSIERI RESIDENTE,025398ESVFL13XX0LUCEZEROPENSIERI,variabile,12,0.033000,€/kWh,24.000000,€/anno,,3500,12
07893960729,FLEX HOME LIGHT FRIENDS_0426.1,025398ESVFL03XXEEDOMFRIENDEUREKA,variabile,12,0.033000,€/kWh,24.000000,€/anno,,,12
07893960729,FLEX HOME LIGHT_0426.1,025398ESVFL07XX00EEVOL0420261711,variabile,12,0.037400,€/kWh,24.000000,€/anno,,,12
07893960729,FLEX HOME LIGHT FIDELITY_0426.1,025398ESVFL09XX0FIDELDOMEPOWER26,variabile,12,0.022000,€/kWh,24.000000,€/anno,,,99
07893960729,FLEX HOME LIGHT_0426.1,025398ESVFL08XX01715DINGDOMPOW25,variabile,12,0.033000,€/kWh,24.000000,€/anno,,,12
07893960729,FLEX HOME LIGHT FIDELITY_0426.1,025398ESVFL06XXMIKYFIDELDOMPOW26,variabile,12,0.022000,€/kWh,120.000000,€/anno,,,99
07893960729,FLEX HOME LIGHT_0426.1,025398ESVFL08XX01729LORDOMPOWE26,variabile,12,0.033000,€/kWh,144.000000,€/anno,,,12
07893960729,FLEX HOME LIGHT FIDELITY_0426.1,025398ESVFL08XXDELDOMFIDEPOWE426,variabile,12,0.038500,€/kWh,24.000000,€/anno,,,12
07893960729,LUCE ZEROPENSIERI RESIDENTE,025398ESVFL08XX0LUCEZEROPENSIERI,variabile,12,0.033000,€/kWh,24.000000,€/anno,,3500,12
07893960729,FLEX HOME LIGHT AMICO TUTELATO_0426.1,025398ESVFL03XXAMICDOMAMICTUTEUR,variabile,12,0.022000,€/kWh,168.000000,€/anno,,,99
07893960729,FLEX HOMELIGHT FIDELITY_0426.1,025398ESVFL06XXEEDOMFIDELMRF2024,variabile,12,0.019800,€/kWh,24.000000,€/anno,,,12
07893960729,FLEX HOMELIGHT_0426.1,025398ESVFL05XXEEDOMESCHIARO0426,variabile,12,0.022000,€/kWh,24.000000,€/anno,,,12
07893960729,FLEX HOME LIGHT_0426.1,025398ESVFL07XXDELLODOMEPOWE0426,variabile,12,0.033000,€/kWh,24.000000,€/anno,,,12
07893960729,FLEX HOME LIGHT PARTNERSHIP_0426.1,025398ESVFL09XXDELDOMCONVPOWE426,variabile,12,0.022000,€/kWh,24.000000,€/anno,,,12
07893960729,FLEX HOMELIGHT FRIENDS_0426.1,025398ESVFL05XXEEDOMFRIENDCHIARO,variabile,12,0.033000,€/kWh,24.000000,€/anno,,,12
07893960729,FLEX HOME LIGHT PARTNERSHIP_0426.1,025398ESVFL02XXEEDOMECONAMEUREKA,variabile,12,0.033000,€/kWh,114.000000,€/anno,,,12
07893960729,FLEX HOME LIGHT_0426.1,025398ESVFL03XXEEDOMESTICOEUREKA,variabile,12,0.022000,€/kWh,204.000000,€/anno,,,12
07893960729,FLEX HOME LIGHT_0426.1,025398ESVFL07XX01729ITADOMPOWE26,variabile,12,0.033000,€/kWh,144.000000,€/anno,,,12
07893960729,LUCE ZEROPENSIERI NON RESIDENTE,025398ESVFL16XX0LUCEZEROPENSIERI,variabile,12,0.033000,€/kWh,24.000000,€/anno,,3500,12
07893960729,FLEX HOME LIGHT PARTNERSHIP_0426.1,025398ESVFL04XXEEDOMESTCONEUREKA,variabile,12,0.022000,€/kWh,24.000000,€/anno,,,12
07893960729,FLEX HOME LIGHT AMICO TUTELATO_0426.1,025398ESVFL02XXAMICDOMAMICOTUTAM,variabile,12,0.022000,€/kWh,168.000000,€/anno,,,99
07893960729,LUCE ZEROPENSIERI NON RESIDENTE,025398ESVFL12XX0LUCEZEROPENSIERI,variabile,12,0.033000,€/kWh,24.000000,€/anno,,3500,12
07893960729,LUCE ZEROPENSIERI NON RESIDENTE,025398ESVFL04XX0LUCEZEROPENSIERI,variabile,12,0.033000,€/kWh,24.000000,€/anno,,3500,12
07893960729,LUCE ZEROPENSIERI RESIDENTE,025398ESVFL03XX0LUCEZEROPENSIERI,variabile,12,0.033000,€/kWh,24.000000,€/anno,,3500,12
07893960729,FLEXHOMELIGHT,025398ESVFL02XX00E0GN01662000RIN,variabile,12,0.019250,€/kWh,24.000000,€/anno,,,indeterminata
07893960729,FLEX HOMELIGHT,025398ESVFL01XXDOMEERINNOVO11687,variabile,12,0.019690,€/kWh,24.000000,€/anno,,,12
10848200969,ENERGIA DINAMICA CASA EXTRA,035342ESVFL01XXXXXEEDINCASAEXTRA,variabile,12,0.022000,€/kWh,132.000000,€/anno,,,indeterminata
10848200969,ENERGIA DINAMICA CASA 2025,035342ESVFL01XXXENERDINACASA2025,variabile,12,0.016500,€/kWh,69.000000,€/anno,,,indeterminata
03468380047,SALUZZO IN ROSA LUCE PV APR26 con100% RINNOVABILE,014821ESVFL01XX0000000000004611B,variabile,12,0.029898,€/kWh,130.8,€/anno,,,12
03468380047,COLLETTA DI BRONDELLO MAR26 con100% RINNOVABILE,014821ESVFL02XX0000000000004459B,variabile,12,0.009999,€/kWh,142.8,€/anno,,,12
03468380047,GIRO DI VISO MAR26 con100% RINNOVABILE,014821ESVFL02XX0000000000004460B,variabile,12,0.04499,€/kWh,70.8,€/anno,,,12
03468380047,eVISOME SMART MAG26 con100% RINNOVABILE,014821ESVFL01XX0000000000004886B,variabile,12,0.029997,€/kWh,102.0,€/anno,,,12
09264091217,EVO CASA PUN 20 GME 2026,029749ESVFL08XXOGMEPUN2001042026,variabile,12,0.027940,€/kWh,181.440000,€/anno,,,12
03666730548,ENERGY CASA LIGHT MIX_2,028866ESVFL01XX00000000000002024,variabile,01,0.020000,€/kWh,150.000000,€/anno,,,indeterminata
08526440154,Edison Web Luce,000190ESFML91XX1XSRKVVAX91XXXXX5,fisso,,0.122,€/kWh,90,€/anno,,,12
08526440154,Edison Sweet Luce,000190ESFFL27XXLECHOX001X27XXXX5,fisso,,0.153/0.1493,€/kWh,80,€/anno,,,24
08526440154,Edison Luce Fix12,000190ESFFL65XXLEMWXPFX65XXXXXX5,fisso,,0.124/0.122,€/kWh,90,€/anno,,,12
08526440154,Edison Sweet Luce,000190ESFML27XXLECHOX001X27XXXX5,fisso,,0.1505,€/kWh,80,€/anno,,,24
08526440154,Edison Dynamic Plus Luce,000190ESVFL11XXLESPEPX001X11XXX5,variabile,12,0.01/0.015,€/kWh,99,€/anno,,,12
08526440154,Edison Superflex Luce,000190ESVFL09XXLEESPX001X9XXXXX5,variabile,12,0.022,€/kWh,144,€/anno,,,36
08526440154,Edison EasyFix Luce,000190ESFFL27XXLEEAFX001X27XXXX5,fisso,,0.1622/0.1591,€/kWh,144,€/anno,,,12
08526440154,Edison Superflex Luce,000190ESVML09XXLEESPX001X9XXXXX5,variabile,12,0.022,€/kWh,144,€/anno,,,36
08526440154,Edison EasyFix Luce,000190ESFML27XXLEEAFX001X27XXXX5,fisso,,0.16,€/kWh,144,€/anno,,,12
08526440154,Edison Luce Fix12,000190ESFML65XXLEMWXPFX65XXXXXX5,fisso,,0.122,€/kWh,90,€/anno,,,12
08526440154,Edison 5xTe Luce km0,000190ESFFL01XXLE5XTEX001X1XXXX5,fisso,,0.1/0.099,€/kWh,132,€/anno,,,60
08526440154,Edison Web Luce,000190ESFFL91XX1XSRKVVAX91XXXXX5,fisso,,0.124/0.122,€/kWh,90,€/anno,,,12
08526440154,Edison World Luce,000190ESVML18XXLEWD1X001X18XXXX5,variabile,12,0,€/kWh,240,€/anno,,,12
08526440154,Edison World Luce Plus,000190ESVML23XXLEWD2X001X23XXXX5,variabile,12,0,€/kWh,120,€/anno,,,12
08526440154,Edison World Luce Plus,000190ESVFL23XXLEWD2X001X23XXXX5,variabile,12,0,€/kWh,120,€/anno,,,12
08526440154,Edison 5xTe Luce km0,000190ESFML01XXLE5XTEX001X1XXXX5,fisso,,0.099,€/kWh,132,€/anno,,,60
08526440154,Edison Dynamic Plus Luce,000190ESVML11XXLESPEPX001X11XXX5,variabile,12,0.01/0.015,€/kWh,99,€/anno,,,12
08526440154,Edison Dynamic Luce,000190ESVML15XXLESPEX001X15XXXX5,variabile,12,0.014/0.019,€/kWh,99,€/anno,,,12
08526440154,Edison World Luce,000190ESVFL18XXLEWD1X001X18XXXX5,variabile,12,0,€/kWh,240,€/anno,,,12
08526440154,Edison Dynamic Luce,000190ESVFL15XXLESPEX001X15XXXX5,variabile,12,0.014/0.019,€/kWh,99,€/anno,,,12
11484710964,Ego Casa Sicura Giugno,036064ESFML01XX000000000ECSG0626,fisso,,0.139000,€/kWh,166.800000,€/anno,,,12
11484710964,EgoProtetta Casa Sicura,036064ESFML01XX00000000EPCS05026,fisso,,0.159000,€/kWh,168.000000,€/anno,,,12
11484710964,Ego Casa Sicura Sunny,036064ESFML01XX00000000ECSSE0726,fisso,,0.139000,€/kWh,166.800000,€/anno,,,12
01675780199,FIX MONO GEN 24 DOMP,027220ESFFL01XXP0000000000000149,fisso,,0.152900,€/kWh,96.000000,€/anno,0,10000,12
01675780199,FIX MONO NOV 21 DOMP,027220ESFFL01XXP0000000000000200,fisso,,0.163900,€/kWh,96.000000,€/anno,0,25000,12
01675780199,BT PUN 15 DOM PUB,027220ESVFL01XXP0000000000000147,variabile,12,0.016500,€/kWh,96.000000,€/anno,0,999999999,12
01675780199,PUN DOMESTICO PUB,027220ESVFL01XXP0000000000000144,variabile,12,0.000000,€/kWh,142.800000,€/anno,0,3000,12
06085141213,Family Dealer EE,004201ESVFL04XXXDOM2405A003X0426,variabile,12,0.055,€/kWh,138,€/anno,,,12
06085141213,Family DealerPlus EE,004201ESVFL05XXXDOM2405A004X0426,variabile,12,0.066,€/kWh,162,€/anno,,,12
06017420487,Famiglia_Spensierata_+,002521ESFML02XX000000000000EPSDO,fisso,,0.159900,€/kWh,262.800000,€/anno,,,indeterminata
02232620688,IDEA LUCE CASA 2,028794ESVML01XX000000000PUNDMSN2,variabile,12,0.046,€/kWh,96,€/anno,,,indeterminata
02232620688,TOP IDEA RISPARMIO CASA 2,028794ESVML01XX000000TOPPUNDCMT2,variabile,12,0.0449,€/kWh,132,€/anno,,,indeterminata
02232620688,IDEA RISPARMIO CASA 2,028794ESVML01XX00000000PUNDCMSN2,variabile,12,0.0449,€/kWh,96,€/anno,,,indeterminata
02232620688,TOP IDEA LUCE CASA 2,028794ESVML01XX0000000TOPPUNDMT2,variabile,12,0.046,€/kWh,132,€/anno,,,indeterminata
02232620688,IDEA LUCE CASA MULTI 2,028794ESVML01XX00000PUNDMSMULTI2,variabile,12,0.0329,€/kWh,96,€/anno,,,indeterminata
02232620688,DCA IDEA RISPARMIO CASA 2,028794ESVML01XX000000DCAPUNDCMS2,variabile,12,0.0449,€/kWh,120,€/anno,,,indeterminata
02232620688,DCA IDEA LUCE CASA 2,028794ESVML01XX0000000DCAPUNDMS2,variabile,12,0.046,€/kWh,120,€/anno,,,indeterminata
06655971007,Enel Flash Luce,000142ESFML01XXResECAn0000115746,fisso,,,,144,€/anno,,,24
06655971007,Enel Seconda Casa Luce,000142ESFML01XXResECAn0000115740,fisso,,,,144,€/anno,,,24
06655971007,Enel Casa Luce,000142ESFML01XXResECAn0000115760,fisso,,,,144,€/anno,,,24
06655971007,Enel Drive Flex Luce,000142ESVFL01XXResECAn0000115687,variabile,12,,,264,€/anno,,,12
06655971007,Enel Fix Wow Luce,000142ESFML01XXResECAn0000115747,fisso,,0.15650,€/kWh,144,€/anno,,,24
06655971007,Enel Flex Control Luce,000142ESVML01XXResECAn0000115758,variabile,12,,,180,€/anno,,,12
06655971007,ENEL FIX LUCE,000142ESFML01XXResECAn0000115727,fisso,,,,144,€/anno,,,24
06655971007,ENEL MOVE LUCE,000142ESFML01XXResECAn0000115734,fisso,,,,156,€/anno,,,24
06655971007,Enel Digital Luce,000142ESFML01XXResECAn0000115755,fisso,,,,144,€/anno,,,24
06655971007,Enel Fix Web Luce,000142ESFML01XXResECAn0000115730,fisso,,,,144,€/anno,,,36
06655971007,Enel Night Free,000142ESFML01XXResECAn0000115382,fisso,,0/0.174,€/kWh,180,€/anno,,,36
03111940924,Fissa Smart,020536ESFML01XXMAG2026FSEPAD0526,fisso,,,,144.0,€/anno,,,12
03111940924,Fissa Classic,020536ESFML01XXMAG2026FBPBOD0526,fisso,,,,144.0,€/anno,,,12
03111940924,Gold Family,020536ESVFL01XXDIC2025PUN12D1225,variabile,12,0.012,€/kWh,180.0,€/anno,3001,15000,indeterminata
03111940924,Smart Cap,020536ESVML01XXMAG2026VPNCAP0526,variabile,12,0.022,€/kWh,144.0,€/anno,,,12
03111940924,Relax Family,020536ESVFL01XXDIC2025PUN22D1225,variabile,12,0.022,€/kWh,120.0,€/anno,1001,3000,indeterminata
03111940924,Light Family,020536ESVFL01XXDIC2025PUN52D1225,variabile,12,0.052,€/kWh,60.0,€/anno,0,1000,indeterminata
14389791006,Link120_EE,026814ESVFL01XX2026SICNO00000002,variabile,12,0.0275,€/kWh,120,€/anno,,,12
14389791006,Link120_EE,026814ESVFL01XX2026EGPNO00000002,variabile,12,0.0275,€/kWh,120,€/anno,,,12
14389791006,Link0_EE,026814ESVFL01XX2026PHLNO00000001,variabile,12,0,€/kWh,160,€/anno,,,indeterminata
14389791006,Link0_EE,026814ESVFL01XX2026EGPNO00000001,variabile,12,0,€/kWh,160,€/anno,,,indeterminata
14389791006,Link0_EE,026814ESVFL01XX2026SICNO00000001,variabile,12,0,€/kWh,160,€/anno,,,indeterminata
14389791006,Link120_EE,026814ESVFL01XX2026PHLNO00000002,variabile,12,0.0275,€/kWh,120,€/anno,,,12
14389791006,NO STRESS 2.0,026814ESVFL01XX2026EGPNOSTRESS04,variabile,12,0.0275,€/kWh,180,€/anno,,,12
03672520404,E.CO Luce Prezzo Sicuro x2,000742ESFML01XXSICX2FIX260630D01,fisso,,,,198.0,€/anno,,,24
03672520404,E.CO Luce Prezzo Garantito x2 LINK,000742ESFML01XXGARX2REF260630D01,fisso,,,,174.0,€/anno,,,24
03672520404,E.CO Luce Prezzo Protetto x2 LINK,000742ESFML01XXPROX2REF260630D01,fisso,,,,174.0,€/anno,,,24
03672520404,E.CO Luce Prezzo Garantito,000742ESFML01XXPRZGARFX260630D01,fisso,,,,162.0,€/anno,,,12
03672520404,E.CO Luce Prezzo Garantito x2,000742ESFML01XXGARX2FIX260630D01,fisso,,,,162.0,€/anno,,,24
03672520404,E.CO Luce Prezzo Sicuro,000742ESFML01XXPRZSIFIX260630D01,fisso,,,,198.0,€/anno,,,12
03672520404,E.CO Luce Prezzo Protetto Link,000742ESFML01XXPROREFIX260630D01,fisso,,,,174.0,€/anno,,,12
03672520404,E.CO Luce Prezzo Sicuro x2 LINK,000742ESFML01XXSICX2REF260630D01,fisso,,,,210.0,€/anno,,,24
03672520404,E.CO Luce Prezzo Sicuro Link,000742ESFML01XXSICREFIX260630D01,fisso,,,,210.0,€/anno,,,12
03672520404,E.CO LUCE ZERO SPECIAL,000742ESVOL01XXZEROSPEC260630D01,variabile,12,0,€/kWh,168,€/anno,,,12
03672520404,E.CO Luce Prezzo Protetto x2,000742ESFML01XXPROX2FIX260630D01,fisso,,,,162.0,€/anno,,,24
03672520404,E.CO Luce Prezzo Garantito Link,000742ESFML01XXGAREFFIX260630D01,fisso,,,,174.0,€/anno,,,12
03672520404,E.CO Luce Prezzo Protetto,000742ESFML01XXPRZPROFX260630D01,fisso,,,,162.0,€/anno,,,12
01780120620,VARIABILETOP,035984ESVML03XX00000VARIABILETOP,variabile,12,0.055000,€/kWh,180.000000,€/anno,,,12
02412510972,Energy Friendly,027909ESVOL01XXFRIENDLIEERES1386,variabile,12,0.00968,€/kWh,84,€/anno,,,indeterminata
02412510972,Clik4You Fix Now Luce Residenziale,027909ESFML01XXClik4yFxEeNwRes05,fisso,,0.1397,€/kWh,108,€/anno,,,12
02412510972,Clik4You Exclusive Luce Res,027909ESVOL02XXClikEeResVarEXCLU,variabile,12,0.0165,€/kWh,96,€/anno,,,indeterminata
02412510972,EnergyFriendly Fix,027909ESFML01XXfriendlyErFix0626,fisso,,0.1397,€/kWh,84,€/anno,,,12
12300020158,Fixa Time Luce,026160ESFFL48XXLFIXATIVBAS280526,fisso,,0.1762/0.1741,€/kWh,144,€/anno,,,12
12300020158,Fixa Time Smart,026160ESFML48XXLFIXATIVSMA280526,fisso,,0.1694,€/kWh,144,€/anno,,,12
12300020158,Trend Casa NoPensieri Luce,026160ESVFL47XX0LTCASAVNOP140526,variabile,12,0.022,€/kWh,120,€/anno,,,24
12300020158,Trend Casa Luce,026160ESVFL47XX0LTCASAVBAS140526,variabile,12,0.022,€/kWh,144,€/anno,,,24
12300020158,Trend Casa Luce,026160ESVML47XX0LTCASAVBAS140526,variabile,12,0.022,€/kWh,144,€/anno,,,24
12300020158,Trend Casa Luce Plus,026160ESVFL47XX0LTCASAVPLU140526,variabile,12,0.022,€/kWh,0,€/anno,,,24
12300020158,Fixa Time,026160ESFML48XXLFIXATIVBAS280526,fisso,,0.1749,€/kWh,144,€/anno,,,12
12300020158,Fixa Time Luce Smart,026160ESFFL48XXLFIXATIVSMA280526,fisso,,0.1707/0.1687,€/kWh,144,€/anno,,,12
12300020158,Trend Casa NoPensieri Luce,026160ESVML47XX0LTCASAVNOP140526,variabile,12,0.022,€/kWh,120,€/anno,,,24
12300020158,Trend Casa Luce Plus,026160ESVML47XX0LTCASAVPLU140526,variabile,12,0.022,€/kWh,0,€/anno,,,24
02116360690,PREZZO FISSO LUCE CASA 24 MESI,001785ESFML01XXEPDIFIXCASL240626,fisso,,0.1298,€/kWh,120,€/anno,,,24
02116360690,ZERO LUCE CASA,001785ESVFL01XXEPDIRZERODOML0626,variabile,12,0,€/kWh,120,€/anno,,,12
08543040961,Family Green  Fasce variabili (2026)  SII,029343ESVFL01XX00000000026FAMILY,variabile,01,0.150000,€/kWh,144.000000,€/anno,,,12
08543040961,Family Green  Fasce (2026)  SII,029343ESFFL01XX000000FamilyGreen,fisso,,0.240000/0.230000/0.220000,€/kWh,144.000000,€/anno,,,12
00997630322,PiuContr Flat Lim Ed Dom EE_SL,000265ESFFL01XX000FLTLGECXSLXV44,fisso,,,,145.230000,€/anno,,,12
00997630322,PiuControllo Flat Special Casa Luce SL,000265ESFFL01XX000FLT2GECSLWXV44,fisso,,,,144.000000,€/anno,,,12
00997630322,PiuControllo Active Easy Casa EE,000265ESVOL01XX000ACTV2GXEXCXV22,variabile,12,0.009350,€/kWh,120.000000,€/anno,,,12
00997630322,PiuControllo Active Casa Luce_Caso A,000265ESVOL01XX000ACTV2GECXAXV22,variabile,12,0.008030,€/kWh,169.230000,€/anno,,,12
00997630322,Prezzo Netto Relax Casa Luce SL,000265ESVFL01XX000PNRLXXECSLXV19,variabile,12,0.033770,€/kWh,144.000000,€/anno,,,12
00997630322,PiuControllo Active Casa Luce_Caso B,000265ESVOL01XX000ACTV2GECXBXV22,variabile,12,0.008030,€/kWh,193.230000,€/anno,,,12
00997630322,PiuControllo Flat Dom EE_24,000265ESFML01XX000FLT2GECX24XV44,fisso,,,,145.230000,€/anno,,,12
00997630322,PiuControllo Flat Dom EE_SL,000265ESFFL01XX000FLT2GECXSLXV44,fisso,,,,145.230000,€/anno,,,12
00997630322,PiuContr Flat Lim Ed Dom EE_24,000265ESFML01XX000FLTLGECX24XV44,fisso,,,,145.230000,€/anno,,,12
00997630322,PiuControllo Flat Special Casa Luce 24,000265ESFML01XX000FLT2GEC24WXV44,fisso,,,,144.000000,€/anno,,,12
00997630322,Hera Hybrid Casa Luce Medium,000265ESVML01XX000HHYXECXMXBXV25,04,12,0.039930/0.149930,€/kWh,145.230000,€/anno,,,24
00997630322,PiuControllo Active Special Casa Luce,000265ESVOL01XX000ACTV2GECXWXV22,variabile,12,0.004950,€/kWh,144.000000,€/anno,,,12
00997630322,Prezzo Netto Relax Casa Luce 24,000265ESVML01XX000PNRLXXEC24XV19,variabile,12,0.033770,€/kWh,144.000000,€/anno,,,12
00997630322,PiuControllo Flat Easy Casa EE_24,000265ESFML01XX000FLTE2GEC24XV47,fisso,,,,120.000000,€/anno,,,24
01219980529,ESTRA FISSA LUCE,001231ESFML01XXE79XX11062603GYFX,fisso,,,,168.000000,€/anno,,,12
01219980529,ESTRA UNICA FLEX LUCE,001231ESVML01XXE90XX11062609GNUV,variabile,12,0.030000,€/kWh,132.000000,€/anno,,,12
01219980529,ESTRA FACILE FIX LUCE,001231ESFML01XXE94XX11062603GNFL,fisso,,0.175890,€/kWh,48.000000,€/anno,,,12
01219980529,ESTRA FACILE LUCE,001231ESVFL01XXE78XX11062609GNFL,variabile,12,0.029700,€/kWh,42.000000,€/anno,,,12
01219980529,UNICA FLEX ASSICURA PROMO LUCE,001231ESVFL01XXE97XX11062609GNUA,variabile,12,0.029700,€/kWh,84.000000,€/anno,,,12
01219980529,NATURA LUCE,001231ESVFL01XXE77XX11062609GYNL,variabile,12,0.027500,€/kWh,144.000000,€/anno,,,12
01219980529,UNICA FIX ASSICURA LUCE,001231ESFML01XXE96XX11062603GNUA,fisso,,0.175890,€/kWh,60.000000,€/anno,,,12
01772620496,LUCE SCELTA SICURA CASA +,020151ESVFL23XX0EXDOMXPUNXPOXWEB,variabile,12,0.000000,€/kWh,72,€/anno,,,12
01772620496,Luce Index Casa,020151ESVFL03XX0EXDOMXPUNXSPREAD,variabile,12,0.0264,€/kWh,108,€/anno,,,12
01772620496,LUCE Fidelity 2028,020151ESFFL05XX00000EXDOMXFIXX36,fisso,,0.1309,€/kWh,144,€/anno,,,36
01772620496,LUCE casa eSIM,020151ESVFL01XX000EXDOMXPUNXESIM,variabile,12,0,€/kWh,144,€/anno,,,12
01772620496,Luce index casa - SMALL,020151ESVFL02XX00EXDOMXPUNXSMALL,variabile,12,0.0308,€/kWh,72,€/anno,,,12
01772620496,Luce Limited Casa,020151ESVFL03XX0000EXDOMXPUNXLMT,variabile,12,0.0209,€/kWh,108,€/anno,,,12
01772620496,Luce index Green Casa,020151ESVFL03XXEXDOMXPUNXVERXWEB,variabile,12,0.0264,€/kWh,120,€/anno,,,12
01772620496,Luce 24 Casa,020151ESVFL03XX00000EXDOMXPUNX24,variabile,12,0.019800,€/kWh,144,€/anno,,,12
01847020227,TRENTINA LUCE,001028ESVFL01XXTRENTINALUXNCV201,variabile,12,,,96.000000,€/anno,,,12
01847020227,CASA FACILE LUCE,001028ESVFL01XXCASAFACILELUXV201,variabile,12,,,96.000000,€/anno,,,12
02531710396,Variabile Casa,024231ESVOL01XX00000000000030223,variabile,12,0.0165,€/kWh,120,€/anno,,,12
03317190241,ENERGIA DOMESTICO INDEX E,018125ESVFL01XX0000EEDOMESTICOIE,variabile,12,0.017600,€/kWh,94.800000,€/anno,,,12
07281070636,E-FIX CASA 138,000699ESVFL00XXP3FSB2DO1380P1150,fisso,,0.15180,€/kWh,138.00,€/anno,,,12
07281070636,E-PUN CASA,000699ESVFL00XXP3FSB2DO0245P1150,variabile,01,0.02695,€/kWh,138.00,€/anno,,,12
00148360548,ELE_VAR_DOMESTICO_GOLD_0426,028620ESVFL01XXEDOMXGOLXFORX0426,variabile,12,0.00275,€/kWh,144,€/anno,,,indeterminata
02922520735,018587ESVFL01XXFREECLICKFLEXYWEB,018587ESVFL01XXFREECLICKFLEXYWEB,variabile,12,0.011000,€/kWh,80.000000,€/anno,,,indeterminata
02922520735,018587ESVFL01XXFREEENERGYMYHOUSE,018587ESVFL01XXFREEENERGYMYHOUSE,variabile,12,0.025500,€/kWh,18.000000,€/anno,,,indeterminata
02922520735,Free Click Flexy Web,018587ESVFL02XXFREECLICKFLEXYWEB,variabile,12,0.0121,€/kWh,80.000000,€/anno,,,indeterminata
02922520735,Free Energy My House,018587ESVFL02XXFREEENERGYMYHOUSE,variabile,12,0.025500,€/kWh,108,€/anno,,,indeterminata
02922520735,Free Energy Casa Fasce,018587ESVFL02XXFREEENERGYCASAFAS,variabile,12,0.01705,€/kWh,70,€/anno,,,indeterminata
02922520735,018587ESFFL01XXFREEFIXCASA062026,018587ESFFL01XXFREEFIXCASA062026,fisso,,0.15690/0.15610/0.13090,€/kWh,72.000000,€/anno,,,12
11788741004,OFFERTA LUCE MERCATO LIBERO FAMILY PO 52026 IPEX,020982ESVFL01XXFRLGX000000025567,variabile,01,0.03,€/kWh,144,€/anno,,,8
12878470157,Fastweb Luce Fix,038221ESFML01XX260426FWRESCNSDOM,fisso,,0.163,€/kWh,156,€/anno,,,12
12878470157,Fastweb Luce Flex,038221ESVML01XX260426FWRESCNSDOM,variabile,12,0.023,€/kWh,156,€/anno,,,12
12878470157,Fastweb Luce Flex Partner,038221ESVML01XX260408FWRESDOMVIP,variabile,12,0.00454,€/kWh,72,€/anno,,,12
03879040230,WeForGreen EcoHome Luce - Prosumer DOM,014830ESVFL01XXSHTDF2726SDBAPNXX,variabile,12,0.000000,€/kWh,84.000000,€/anno,,,21
03879040230,ForGreen - EcoPUN Luce,014830ESVFL01XXFGTDX2726SD3E1XXX,variabile,12,0.016500,€/kWh,144.000000,€/anno,,,21
03879040230,ForGreen - Energia Agricola a km 0 EcoPUN Luce DOM,014830ESVFL01XXCLTDX2726SD3XXXXX,variabile,12,0.012100,€/kWh,120.000000,€/anno,,,21
03879040230,WeForGreen EcoHome Luce - Consumer DOM,014830ESVFL01XXSHTDF2726SDBCONSX,variabile,12,0.005500,€/kWh,120.000000,€/anno,,,21
06823160483,STING CASA PO,029315ESVFL18XXXXXXPOXSTINGXCASA,variabile,12,,,82.8,€/anno,,,indeterminata
06823160483,STING CASA PO,029315ESVML18XXXXXXPOXSTINGXCASA,variabile,12,,,82.8,€/anno,,,indeterminata
00979450251,ALTIS26EE_DOMESTICO,000579ESVFL25XXEEPUN26XDOMESTICO,variabile,12,,,84.00,€/anno,0,200000,12
03210630590,TARIFFA A PREZZO FISSO TRI ORARIA DOM RES 001 RP15,038424ESFFL07XXDOMFASFISGJRES25R,fisso,,0.121,€/kWh,61.23,€/anno,,,12
03210630590,TARIFFA A PREZZO FISSO MONO ORARIA DOMESTICA PER RINNOVI CONTRATTUALI RES 002 RV16R,038424ESFML05XXDRIMONFISGJRES2ZW,fisso,,0.121,€/kWh,115,€/anno,,,12
03210630590,TARIFFA MONO ORARIA DOMESTICA A PREZZO VARIABILE MONOLIGHT R8,038424ESVML01XXDOMMONMEDGJPMEM3S,variabile,12,0.00985,€/kWh,54,€/anno,,,12
03210630590,TARIFFA DOMESTICA A PREZZO VARIABILE FASCE ORARIE ECOLIGHT R 10,038424ESVFL01XXGJECOLIGTGJFECR10,variabile,12,0.0088,€/kWh,60,€/anno,,,12
03210630590,TARIFFA TRI ORARIA PREZZO FISSO DOM PER RINNOVI CONTRATTUALI RES 001RP15R RINN,038424ESFFL07XXDOMTRNFISGJRES25R,fisso,,0.1178,€/kWh,118,€/anno,,,12
03210630590,TARIFFA A PREZZO FISSO MONO ORARIA DOM RES 002 RV16,038424ESFML05XXDOMMONFISGJRES2ZW,fisso,,0.12245,€/kWh,55.23,€/anno,,,12
09615761211,GEA FAMILY 26,035756ESVFL01XXFAMILYPUN26202605,variabile,12,0.0286,€/kWh,120,€/anno,0,0,indeterminata
02534760786,DOMESTICI EE,000184ESVFL11XXGPINDEX02LUCEXPUN,variabile,12,0.02,€/kWh,108,€/anno,0,0,24
02534760786,DOMESTICI EE,000184ESVFL01XXGPINDEXPROMOVER70,variabile,12,0.02,€/kWh,58.80,€/anno,0,0,24
02534760786,DOMESTICI EE,000184ESVFL01XXGPINDEXPROVACANZA,variabile,12,0.02,€/kWh,58.80,€/anno,0,0,24
01117120574,Energia Plus Domestico,023136ESVFL02XXENERGIAPLUSDOM000,variabile,12,0.033,€/kWh,156,€/anno,,,indeterminata
01340300332,ABBASSO LA BOLLETTA PUN,000788ESVOL01XXPN50DM1326X1X0000,variabile,12,,,228.000000,€/anno,,,indeterminata
01340300332,LUCE CASA LIGHT WEB,000788ESVOL01XXVWEBE01326X3X0000,variabile,12,,,72.000000,€/anno,,7000,indeterminata
01340300332,CASA SERENA LUCE,000788ESFFL01XXFXEDM15226X3X0000,fisso,,0.154418/0.152702/0.160908,€/kWh,144.000000,€/anno,,,indeterminata
01340300332,CASA SERENA LUCE,000788ESFML01XXFXEDM15226X1X0000,fisso,,0.156420,€/kWh,144.000000,€/anno,,,indeterminata
01340300332,CASA SERENA LUCE WEB,000788ESFFL01XXFWEBE15226X3X0000,fisso,,0.099198/0.097482/0.105688,€/kWh,120.000000,€/anno,,3000,indeterminata
01340300332,LUCE CASA LIGHT WEB,000788ESVOL01XXVWEBE01326X1X0000,variabile,12,,,72.000000,€/anno,,7000,indeterminata
01340300332,CASA SERENA LUCE WEB,000788ESFML01XXFWEBE15226X1X0000,fisso,,0.101200,€/kWh,120.000000,€/anno,,3000,indeterminata
01340300332,IMPENSABILE LUCE,000788ESVOL01XXENEIMP1326X1X0000,variabile,12,,,96.000000,€/anno,,,indeterminata
12496540019,ENERGIA IN VACANZA_08.2027,036917ESVFL01XXEIVEEPUNDOME04X26,variabile,12,0.029700,€/kWh,72.000000,€/anno,,,12
12496540019,SGL DOM EE_08.2027,036917ESVFL01XX0SGLPUNDOMEE04X26,variabile,12,0.029700,€/kWh,120.000000,€/anno,,,12
12496540019,GAZEL DOM EE_LIGHT_07.2027,036917ESVFL01XX0GAZPUNDOMLE05X26,variabile,12,0.0209,€/kWh,132.0,€/anno,,,indeterminata
12496540019,AMICI DI CNA DOM EE_08.2027,036917ESVFL01XX0CNAPUNDOMEE04X26,variabile,12,0.027500,€/kWh,108.000000,€/anno,,,12
12496540019,VS DOM EE_08.2027,036917ESVFL01XX00VSPUNDOMEE04X26,variabile,12,0.029700,€/kWh,120.000000,€/anno,,,12
12496540019,OFFERTA PASSA A GAZEL DOMESTICO_08.2027,036917ESVFL01XXGAZEEPUNDOME04X26,variabile,12,0.029700,€/kWh,120.000000,€/anno,,,12
12496540019,Amico di CAF DOM EE_08.2027,036917ESVFL01XX0CAFPUNDOMEE04X26,variabile,12,0.027500,€/kWh,108.000000,€/anno,,,12
12496540019,VS FRIENDS DOM EE_08.2027,036917ESVFL01XXVSFRIPUNDOMEE4X26,variabile,12,0.029700,€/kWh,108.000000,€/anno,,,12
12496540019,Infinity Flex Luce Retail,036917ESVFL01XXINFFLEXEEDOMX0426,variabile,12,0.031900,€/kWh,156.000000,€/anno,,,12
12496540019,PERRY FRIENDS EE DOMESTICO_08.2027,036917ESVFL01XXPYFEEPUNDOME04X26,variabile,12,0.029700,€/kWh,126.000000,€/anno,,,12
12496540019,SGL ONLINE DOM EE_08.2027,036917ESVFL01XXSGLWPUNDOMEE04X26,variabile,12,0.024200,€/kWh,84.000000,€/anno,,,12
12496540019,DINAMO DOMESTICO_08.2027,036917ESVFL01XX0DINPUNDOMEX04X26,variabile,12,0.020900,€/kWh,94.800000,€/anno,,,12
12496540019,TORNA IN GAZEL DOM EE_08.2027,036917ESVFL01XX0WINPUNDOMEE04X26,variabile,12,0.024200,€/kWh,84.000000,€/anno,,,12
12496540019,FAMILY _08.2027,036917ESVFL01XX0FAMPUNDOMEX04X26,variabile,12,0.024200,€/kWh,60.000000,€/anno,,,12
12496540019,GAZEL DOM EE_08.2027,036917ESVFL01XX0GAZPUNDOMEE04X26,variabile,12,0.029700,€/kWh,120.000000,€/anno,,,12
12496540019,OVER 65 NUOVA_08.2027,036917ESVFL01XXO65EEPUNDOME04X26,variabile,12,0.029700,€/kWh,96.000000,€/anno,,,12
12245181008,Libra LUCE Special,015274ESVFL01XXEEDOM0526DXGTG004,variabile,01,,,71.2311,€/anno,,,12
12245181008,Libra LUCE Mono,015274ESVML01XXEEDOM0526YDNQS004,variabile,01,,,71.2311,€/anno,,,12
05970420963,Gelsia Premium Luce,002505ESVFL03XX0000000EEPREMIUMN,variabile,12,0.026400,€/kWh,120.000000,€/anno,,,12
05970420963,Gelsia Click Luce,002505ESVFL04XX000000000EECLICKN,variabile,12,0.024200,€/kWh,120.000000,€/anno,,,12
05970420963,GELSIA PLUS LUCE,002505ESVFL04XX0000000000EEPLUSN,variabile,12,0.020000,€/kWh,119.000000,€/anno,,,12
05970420963,GELSIA CASA LUCE FIX24,002505ESFFL04XX0000EECASAFIX24BN,fisso,,0.142400/0.138600,€/kWh,128.000000,€/anno,,,24
05970420963,GELSIA CASA LUCE FIX24,002505ESFML04XX0000EECASAFIX24MN,fisso,,0.139800,€/kWh,128.000000,€/anno,,,24
05970420963,Gelsia Casa Index Luce,002505ESVFL04XX00000EECASAINDEXN,variabile,12,0.026400,€/kWh,120.000000,€/anno,,,12
05970420963,Gelsia+Sicura Casa Luce,002505ESVFL04XX00000000EESICURAN,variabile,12,0.033000,€/kWh,135.000000,€/anno,,,24
14180050966,ADAPTA CASA DINAMICA,043841ESVFL01XXADAPTADOMDIN00526,variabile,12,0.022000,€/kWh,144.000000,€/anno,,,12
14180050966,ADAPTA CASA UNICA,043841ESVFL01XXADAPTADOMUNI00526,variabile,12,0.040150,€/kWh,180.000000,€/anno,,,12
14180050966,ADAPTA CASA SICURA,043841ESVFL01XXADAPTADOMSIC00526,variabile,12,0.015950,€/kWh,120.000000,€/anno,,,12
01960170494,Giga Chiara Domestico Mono New,035765ESVML01XX000DCHIARAMONONEW,variabile,12,0.028000,€/kWh,144.000000,€/anno,,,12
01960170494,Giga Energia Casa Monorario Gold New,035765ESVML01XXGLDDCHIARAMONONEW,variabile,12,0.020900,€/kWh,106.800000,€/anno,0,1000,12
01960170494,Giga Chiara Domestico Fasce New,035765ESVFL01XX00000DCHIARA3FNEW,variabile,12,0.028000,€/kWh,144.000000,€/anno,,,12
01960170494,Giga Energia Casa Triorario Gold New,035765ESVFL01XX0GOLDDCHIARA3FNEW,variabile,12,0.020900,€/kWh,106.800000,€/anno,0,1000,12
01655380663,InsiemEnergia Casa Fix Comfort EE,000487ESFFL02XX00000001013390526,fisso,,0.17545,€/kWh,141.00,€/anno,,,12
01655380663,InsiemEnergia Casa Fix Smart EE,000487ESFFL02XX00000001013380526,fisso,,0.17545,€/kWh,129.00,€/anno,,,12
01655380663,InsiemEnergia Casa Paper EE,000487ESVFL03XX00000001013190526,variabile,12,0.0418,€/kWh,129.00,€/anno,,,12
01655380663,InsiemEnergia Casa Smart EE,000487ESVFL03XX00000001013150526,variabile,12,0.0418,€/kWh,105.00,€/anno,,,12
01655380663,InsiemEnergia Casa Comfort EE,000487ESVFL03XX00000001013170526,variabile,12,0.0418,€/kWh,117.00,€/anno,,,12
01655380663,InsiemEnergia Casa Over60 EE,000487ESVFL03XX00000001013210526,variabile,12,0.0418,€/kWh,105.00,€/anno,,,12
01655380663,InsiemEnergia Casa Fix Over60 EE,000487ESFFL02XX00000001013410526,fisso,,0.17545,€/kWh,129.00,€/anno,,,12
01655380663,InsiemEnergia Casa Fix Paper EE,000487ESFFL02XX00000001013400526,fisso,,0.17545,€/kWh,153.00,€/anno,,,12
01808540494,CASA INDEX|EDVH1207INT,024416ESVFL01XX000000EDVH1207INT,variabile,12,0.012,€/kWh,84,€/anno,,,indeterminata
12219220154,ECO GREEN HOME POWER  2604 MONO,035713ESVML01XX000000GTCEGHO2604,variabile,12,0.031900,€/kWh,144,€/anno,,,12
12219220154,ECO LIGHT HOME POWER 2604 MONO,035713ESVML01XX000000GTCLHPO2604,variabile,12,0.031900,€/kWh,288,€/anno,,,12
12219220154,ECO GREEN HOME POWER  2604 FASCE,035713ESVFL01XX000000GTCEGHF2604,variabile,12,0.032890/0.032560/0.031460,€/kWh,144,€/anno,,,12
12039890152,CASA SICURA LUCE EASY,000704ESFML01XXERSGBA12FM05261RS,fisso,,,,117.000000,€/anno,,,12
12039890152,CASA TREND LUCE EASY,000704ESVFL01XXERAGYA12I305261RS,variabile,12,0.023100,€/kWh,117.000000,€/anno,,,12
05064560260,HOME HOLIDAY,037142ESVOL07XX000000000HOMEHOLR,variabile,12,0.016500,€/kWh,96.000000,€/anno,,,99
05064560260,HOME_POWER,037142ESVOL03XX000000000HOMEDIR1,variabile,12,0.022000,€/kWh,120.000000,€/anno,,,99
05064560260,COMMUNITY,037142ESFML02XX000000COMMSTREAM1,fisso,,0.148687,€/kWh,144.000000,€/anno,2701,3500,36
05064560260,SMALL,037142ESFML02XX000000SMALSTREAM1,fisso,,0.148687,€/kWh,144.000000,€/anno,,1500,36
05064560260,COMPANY,037142ESFML02XX000000COMPSTREAM1,fisso,,0.148687,€/kWh,144.000000,€/anno,3501,5000,36
05064560260,FAMILY,037142ESFML02XX000000FAMISTREAM1,fisso,,0.148687,€/kWh,144.000000,€/anno,2001,2700,36
05064560260,MEDIUM,037142ESFML02XX000000MEDISTREAM1,fisso,,0.148687,€/kWh,144.000000,€/anno,1501,2000,36
10813630968,Luce Casa Zero Spread,030384ESVFL01XXLUCECASAZEROx1123,variabile,12,0.000,€/kWh,166.8,€/anno,,,12
10813630968,Luce Casa,030384ESVFL01XXLUCECASAFASCE1222,variabile,12,0.000,€/kWh,118.8,€/anno,,,12
10813630968,Luce Casa Flex,030384ESVFL01XXLUCECASAFLEXx0126,variabile,12,0.035,€/kWh,130.8,€/anno,,,12
10813630968,Luce Casa web,030384ESVFL01XXLUCECASAWEBxx0126,variabile,12,0.000,€/kWh,118.8,€/anno,,,12
04032290233,SPRING POWER,034642ESVFL02XXE195AD1A260500000,variabile,12,0.010000,€/kWh,90.000000,€/anno,,,indeterminata
04032290233,SPRING POWER,034642ESVFL01XXE173AD1A260300000,variabile,12,0.010000,€/kWh,90.000000,€/anno,,,indeterminata
03708400134,DOM_PUN_0426,026727ESVFL01XXZGEZSVGSZBCZ23ZED,variabile,01,0.0165,€/kWh,137.76,€/anno,,,12
07396780483,4POWER RETAIL DUAL,042302ESVOL02XX0ESVOL85XX4PWDRET,variabile,12,0.018480,€/kWh,36.000000,€/anno,,,12
02221101203,PiuControllo Active Casa Luce_Caso B,000415ESVOL01XX000ACTV2GECXBXV22,variabile,12,0.008030,€/kWh,193.230000,€/anno,,,12
02221101203,Prezzo Netto Relax Casa Luce 24,000415ESVML01XX000PNRLXXEC24XV19,variabile,12,0.033770,€/kWh,144.000000,€/anno,,,12
02221101203,PiuControllo Active Special Casa Luce,000415ESVOL01XX000ACTV2GECXWXV22,variabile,12,0.004950,€/kWh,144.000000,€/anno,,,12
02221101203,PiuControllo Flat Easy Casa EE_24,000415ESFML01XX000FLTE2GEC24XV47,fisso,,,,120.000000,€/anno,,,24
02221101203,PiuControllo Active Easy Casa EE,000415ESVOL01XX000ACTV2GXEXCXV22,variabile,12,0.009350,€/kWh,120.000000,€/anno,,,12
02221101203,PiuControllo Flat Special Casa Luce 24,000415ESFML01XX000FLT2GEC24WXV44,fisso,,,,144.000000,€/anno,,,12
02221101203,PiuControllo Flat Dom EE_SL,000415ESFFL01XX000FLT2GECXSLXV44,fisso,,,,145.230000,€/anno,,,12
02221101203,PiuContr Flat Lim Ed Dom EE_SL,000415ESFFL01XX000FLTLGECXSLXV44,fisso,,,,145.230000,€/anno,,,12
02221101203,PiuControllo Active Casa Luce_Caso A,000415ESVOL01XX000ACTV2GECXAXV22,variabile,12,0.008030,€/kWh,169.230000,€/anno,,,12
02221101203,PiuControllo Flat Dom EE_24,000415ESFML01XX000FLT2GECX24XV44,fisso,,,,145.230000,€/anno,,,12
02221101203,PiuControllo Flat Special Casa Luce SL,000415ESFFL01XX000FLT2GECSLWXV44,fisso,,,,144.000000,€/anno,,,12
02221101203,Prezzo Netto Relax Casa Luce SL,000415ESVFL01XX000PNRLXXECSLXV19,variabile,12,0.033770,€/kWh,144.000000,€/anno,,,12
02221101203,PiuContr Flat Lim Ed Dom EE_24,000415ESFML01XX000FLTLGECX24XV44,fisso,,,,145.230000,€/anno,,,12
02356770988,Energia Amica Flex,000155ESVFL15XXZZ03631Z260611E2A,variabile,12,0.015004,€/kWh,144.000000,€/anno,,,indeterminata
02356770988,Energia Lunga Luce Easy,000155ESFML08XXZZ03843Z260611E01,fisso,,0.117997,€/kWh,144.000000,€/anno,,,36
02356770988,Energia Lunga Luce Special,000155ESFFL04XXZZ03963Z260611E03,fisso,,0.117997/0.137995/0.104005,€/kWh,108.000000,€/anno,,,36
02356770988,Energia Lunga Luce Special,000155ESFML04XXZZ03963Z260611E01,fisso,,0.117997,€/kWh,108.000000,€/anno,,,36
02356770988,Energia Amica Flex,000155ESVML15XXZZ03631Z260611E01,variabile,12,0.015004,€/kWh,144.000000,€/anno,,,indeterminata
02356770988,Prezzo Garantito Luce 36,000155ESFFL03XXZZ05056Z260611E03,fisso,,0.140998/0.160996/0.126995,€/kWh,120.000000,€/anno,,,36
02356770988,Luce Premium Flex,000155ESVML04XXZZ03867Z260611E01,variabile,12,0.025003,€/kWh,144.000000,€/anno,,,indeterminata
02356770988,Energia Lunga Luce Easy,000155ESFFL08XXZZ03843Z260611E03,fisso,,0.117997/0.137995/0.104005,€/kWh,144.000000,€/anno,,,36
02356770988,Luce Premium Flex,000155ESVFL04XXZZ03867Z260611E2A,variabile,12,0.025003,€/kWh,144.000000,€/anno,,,indeterminata
02356770988,Prezzo Garantito Luce 36,000155ESFML03XXZZ05056Z260611E01,fisso,,0.140998,€/kWh,120.000000,€/anno,,,36
04486160163,OFFERTA FASTSERVICE CASA FARO LUCE,036310ESVFL02XX0000EE04DSP26FARO,variabile,12,0.01859,€/kWh,186.03,€/anno,,,indeterminata
04486160163,OFFERTA FASTSERVICE CASA LUCE AMICA,036310ESVFL01XX000EE04DSP26AMICA,variabile,12,0.01089,€/kWh,157.23,€/anno,,,12
04486160163,OFFERTA INCARICA POWER CASA,036310ESVFL02XX00000EE07DSP26GTC,variabile,12,0.0209,€/kWh,187.23,€/anno,,,indeterminata
04486160163,OFFERTA INCARICA RINNOVO CASA POWER,036310ESVFL02XX000EE06DSP26MNZRN,variabile,12,0.022,€/kWh,247.23,€/anno,,,indeterminata
04486160163,OFFERTA INCARICA PARTNER CASA ENERGIA,036310ESVFL01XX00000EE05DSP26SES,variabile,12,0.0176,€/kWh,247.23,€/anno,,,indeterminata
04486160163,OFFERTA INCARICA BIO CASA POWER,036310ESVFL02XX00EE06DSP26MNZBIO,variabile,12,0.0242,€/kWh,211.23,€/anno,,,indeterminata
04486160163,OFFERTA INCARICA CASA POWER,036310ESVFL02XX00000EE06DSP26MNZ,variabile,12,0.022,€/kWh,247.23,€/anno,,,indeterminata
04486160163,OFFERTA POWER SECONDA CASA,036310ESVFL02XX000EE01DSP26ECOSC,variabile,12,0.0231,€/kWh,157.23,€/anno,,,indeterminata
04486160163,OFFERTA FASTSERVICE CASA LUCE BIO,036310ESVFL01XX0000EE04DSP26BIOL,variabile,12,0.01859,€/kWh,210.03,€/anno,,,indeterminata
04486160163,OFFERTA POWER CASA,036310ESVFL02XX00000EE01DSP26ECO,variabile,12,0.0176,€/kWh,247.23,€/anno,,,indeterminata
04486160163,OFFERTA FASTSERVICE CASA AURA LUCE,036310ESVFL01XX0000EE04DSP26AURA,variabile,12,0.02519,€/kWh,199.23,€/anno,,,indeterminata
11731670011,ED0426_P_CB24,026823ESVFL01XX0000000ED426PCB24,variabile,12,0.00671,€/kWh,119.16,€/anno,,,indeterminata
11731670011,ED0426_S_CB24,026823ESVFL01XX000000ED0426SCB24,variabile,12,0.017699,€/kWh,143.16,€/anno,,,indeterminata
11731670011,ED0426_B_CB24,026823ESVFL01XX000000ED0426BCB24,variabile,12,0.00671,€/kWh,143.16,€/anno,,,indeterminata
11731670011,ED0426_D_CB24,026823ESVFL01XX000000ED0426DCB24,variabile,12,0.00671,€/kWh,107.16,€/anno,,,indeterminata
11731670011,ED0426_PL_CB24,026823ESVFL01XX00000ED0426PLCB24,variabile,12,0.00671,€/kWh,131.16,€/anno,,,indeterminata
00821860947,EE DOMESTICO ALLA SECONDA LUCE,004313ESVFL02XXE26QF1PUNDSF45122,variabile,12,0.045,€/kWh,72,€/anno,,,indeterminata
00821860947,EE VARIABILE DOMESTICO FASCE,004313ESVFL02XXE26QF2PUNDSF18122,variabile,12,0.018,€/kWh,120,€/anno,,,indeterminata
00821860947,EE VARIABILE DOMESTICO PROMO,004313ESVFL02XXE26QF2PUNDBO18122,variabile,12,0.018,€/kWh,120,€/anno,,,indeterminata
00821860947,EE VARIABILE DOMESTICO PLUS FASCE,004313ESVFL02XXE26QF3PUNDPF18122,variabile,12,0.018,€/kWh,156,€/anno,,,indeterminata
00821860947,EE VARIABILE DOMESTICO PLUS MONO,004313ESVML02XXE26QF3PUNDPM18122,variabile,12,0.018,€/kWh,156,€/anno,,,indeterminata
14106681001,EE FIXA 144.12,028703ESFML01XX1000000000IGPE165,fisso,,0.144000,€/kWh,144.000000,€/anno,,,12
02648550032,INENERGY CASA LUCE DINAMICA,035832ESVFL01XX000000IECCDL12606,variabile,12,0.009900,€/kWh,108,€/anno,,,12
02648550032,INENERGY CASA LUCE DINAMICA ZERO MERCATO,035832ESVFL01XX000000IECCDLZ2606,variabile,12,0,€/kWh,120,€/anno,,5000,12
01178580997,IREN QUICK LUCE WEB TOP,000208ESFML09XX000IEDOENBT260607,fisso,,0.129800,€/kWh,147.000000,€/anno,,,27
01178580997,IREN PRIMA SCELTA LUCE FISSA,000208ESFML11XX00IEDOPRIMF260607,fisso,,0.110000,€/kWh,123.000000,€/anno,,,27
01178580997,IREN PRONTO FISSA LUCE,000208ESFML12XX000IEDOPRSC260607,fisso,,0.121000,€/kWh,147.000000,€/anno,,,27
01178580997,IREN LARGE LUCE VARIABILE,000208ESVML04XX000IEDOILVL260913,variabile,12,0.028600,€/kWh,117.000000,€/anno,,,24
01178580997,IREN DAY PREZZO FISSO LUCE,000208ESFFL09XX00IEDOPFDAY260607,fisso,,0.109200/0.154700,€/kWh,147.000000,€/anno,,,27
01178580997,IREN SOTTOCASA LUCE VARIABILE NEW,000208ESVML03XX000IEDOSTCN260913,variabile,12,0.022000,€/kWh,159.000000,€/anno,,,28
01178580997,IREN 36 FISSO LUCE SUMMER EDITION,000208ESFML01XX000IEDOMLSE260607,fisso,,0.101200,€/kWh,147.000000,€/anno,,,45
01178580997,IREN SMALL LUCE VARIABILE,000208ESVML05XX000IEDOISVM260913,variabile,12,0.016500,€/kWh,159.000000,€/anno,,,24
01178580997,IREN EXTRA SMALL LUCE VARIABILE,000208ESVML04XX000IEDOIEVS260913,variabile,12,0.028600,€/kWh,129.000000,€/anno,,,12
01178580997,IREN SUPERSCONTO 100 RCA LUCE SELF,000208ESVML04XX000IEDOSRSC260913,variabile,12,0.028600,€/kWh,123.000000,€/anno,,,12
01178580997,IREN 10 PER TRE LUCE VARIABILE,000208ESVML04XX000IEDODPQT260913,variabile,12,0.033200,€/kWh,159.000000,€/anno,,,28
01178580997,IREN STAY LUCE PREZZO FISSO CONNETTIVITA',000208ESFML08XX000IEDOICNO260607,fisso,,0.130000,€/kWh,159.000000,€/anno,,,60
01178580997,IREN SOTTOCASA LUCE SPECIAL,000208ESFML12XX000IEDOSTPS260607,fisso,,0.122000,€/kWh,159.000000,€/anno,,,27
01178580997,IREN REVOLUTION SALUTE PREZZO FISSO LUCE,000208ESFML12XX00IEDORSLFP260607,fisso,,0.160100,€/kWh,165.000000,€/anno,,,45
01178580997,IREN REVOLUTION SALUTE VARIABILE LUCE,000208ESVML04XX000IEDORSVL260913,variabile,12,0.033200,€/kWh,165.000000,€/anno,,,28
01178580997,IREN PREZZO FISSO EXTRA SMALL LUMINEA LUCE,000208ESFML07XX000IEDOIXFL260607,fisso,,0.148700,€/kWh,159.000000,€/anno,,,24
01178580997,IREN UNIVERSO LUCE VARIABILE,000208ESVML04XX000IEDOIUIN260913,variabile,12,0.028600,€/kWh,135.000000,€/anno,,,24
02479770469,Sottocosto a prezzo fisso a fasce,027095ESFFL09XXSOTTOFIXFASCEIGLX,fisso,,,,54.15,€/anno,,,12
02479770469,Sottocosto a prezzo fisso monorario,027095ESFML11XXSOTTOCOSTOFIXIGLX,fisso,,,,54.15,€/anno,,,12
02479770469,Offerta Luce Sprint fasce,027095ESVFL02XXLUCESPRINTFASCEXX,variabile,12,,,84,€/anno,,,indeterminata
02479770469,Offerta Luce Sprint Monoraria,027095ESVML02XXLUCESPRINTIGL0426,variabile,12,,,84,€/anno,,,indeterminata
08338161212,LUCE DOMESTICO MONORARIO,025382ESVML01XXDOMPUN19MONONEW24,variabile,12,0.019000,€/kWh,154.800000,€/anno,,,indeterminata
08338161212,LUCE DOMESTICO FASCE,025382ESVFL01XXDOMPUN19MULTNEW24,variabile,12,0.019000,€/kWh,154.800000,€/anno,,,indeterminata
08667430725,FRIENDS POWER 0125.1,037820ESVFL11XX0E0FRIEND20250101,variabile,12,0.048400,€/kWh,170.400000,€/anno,,,99
01684590217,KOSI HOME HOLIDAY 26,020525ESVFL00XXKOSIHOMEHOLIDAY26,variabile,12,0.011,€/kWh,80.231100,€/anno,,35000,indeterminata
10988541008,LENERGIA A CASA TUA PLUS,003007ESVFL01XXEECASATUAPLUS2604,variabile,12,0.036900,€/kWh,154.800000,€/anno,0,10000,indeterminata
10988541008,PUN CONSUMER 6 GREEN,003007ESVFL01XXEECONSUMER6NCGREE,variabile,12,0.047300,€/kWh,103.200000,€/anno,0,10000,13
10988541008,LUCE CASA SPRINT,003007ESVFL01XXEECASASPR00000000,variabile,12,0.000000,€/kWh,160.000000,€/anno,0,10000,indeterminata
10988541008,PUN CONSUMER 6,003007ESVFL01XXEECONSUMER6NC0000,variabile,12,0.041800,€/kWh,103.200000,€/anno,0,10000,13
10988541008,CASA SPRINT PLUS GREEN,003007ESVFL01XXEECASASPRPLGREEN0,variabile,12,0.022000,€/kWh,160.000000,€/anno,0,10000,indeterminata
10988541008,PUN CONSUMER 8,003007ESVFL01XXEECONSUMER8NC0000,variabile,12,0.044000,€/kWh,127.200000,€/anno,0,10000,13
10988541008,PUN CONSUMER 8 GREEN,003007ESVFL01XXEECONSUMER8NCGREE,variabile,12,0.049500,€/kWh,127.200000,€/anno,0,10000,13
10988541008,CASA SPRINT GREEN,003007ESVFL01XXEECASASPRGREEN000,variabile,12,0.003000,€/kWh,160.000000,€/anno,0,10000,indeterminata
10988541008,LUCE CASA SPRINT PLUS,003007ESVFL01XXEECASASPRPL000000,variabile,12,0.019000,€/kWh,160.000000,€/anno,0,10000,indeterminata
03598070138,LGE LIGHT EE RETAIL 2026,024446ESVFL01XX0000LIFELIGHT2604,variabile,12,0.036900,€/kWh,141.000000,€/anno,,,12
03598070138,LGE NEW SMART ENERGIA DOMESTICO FLEX 2026,024446ESVFL01XX00LIFENEWEASY0526,variabile,12,0.028000,€/kWh,144.000000,€/anno,,,12
03598070138,LGE NEW SOLUTIONS EASY EE RETAIL,024446ESVFL01XX0000LIFENEWEASY26,variabile,12,0.036900,€/kWh,141.000000,€/anno,,,12
03598070138,LGE NEW SMART ENERGIA DOMESTICO FIX 2026,024446ESFML01XXLIFENEWSMARTFIX26,fisso,,0.137000,€/kWh,204.000000,€/anno,,,12
03598070138,LGE SIMCOM EE RETAIL 2026,024446ESVFL01XX00000LIFESIMCOM26,variabile,12,0.036900,€/kWh,141.000000,€/anno,,,12
03598070138,LGE NEW LIGHT ENERGIA DOMESTICO FIX 2026,024446ESFML01XXLIFENEWLIGHTFIX26,fisso,,0.137000,€/kWh,180.000000,€/anno,,,12
03598070138,LGE PARTNER RETENTION EE RETAIL 2026,024446ESVFL01XX0000LIFEPARTNER26,variabile,12,0.017600,€/kWh,119.160000,€/anno,,,12
03598070138,LGE ENERGY SERVICE EE RETAIL 2026,024446ESVFL01XX00LIFESERVICE0426,variabile,12,0.036900,€/kWh,141.000000,€/anno,,,12
03598070138,LGE NEW SMART ENERGIA DOMESTICO FLEX 2026,024446ESVFL01XX0LIFENEWSMART0526,variabile,12,0.022000,€/kWh,120.000000,€/anno,,,12
03598070138,LGE NEW EASY ENERGIA DOMESTICO FIX 2026,024446ESFML01XX0LIFENEWEASYFIX26,fisso,,0.139000,€/kWh,228.000000,€/anno,,,12
03598070138,LGE NEW LIGHT ENERGIA DOMESTICO FLEX 2026,024446ESVFL01XX0LIFENEWLIGHT0526,variabile,12,0.015000,€/kWh,108.000000,€/anno,,,12
03598070138,LGE WE SERVICE EE RETAIL 2026,024446ESVFL01XX00LIFEWESEREE0426,variabile,12,0.034000,€/kWh,141.000000,€/anno,,,12
03161350214,Limeon Flex,038069ESVFL09XXxLIMEONxOFFxTDx04,variabile,12,,,86.23110,€/anno,,,indeterminata
00145020244,UNICO CASA,000516ESVFL01XXD1EEDVar2606UNIDO,variabile,12,0.016500,€/kWh,96.000000,€/anno,,,indeterminata
00145020244,VANTAGGIO CASA,000516ESVFL01XXD1XEEDVarX2606XXX,variabile,12,0.027500/0.275000,€/kWh,132.000000,€/anno,,,indeterminata
00145020244,FACILE CASA - F0,000516ESFFL01XXD1XEEDFixF0X2606X,fisso,,0.158400,€/kWh,132.000000,€/anno,,,12
00145020244,FACILE CASA - 3F,000516ESFFL01XXD1XEEDFix3FX2606X,fisso,,0.163900/0.171600/0.145200,€/kWh,132.000000,€/anno,,,12
03272140231,LUCE CASA VARIABILE,001715ESVFL01XXLUCECASAVARIABILE,variabile,12,0.025000,€/kWh,72.000000,€/anno,,,indeterminata
04039180759,LWTRENDCASADO2026,001010ESVFL01XXLWTRENDCASADO2026,variabile,12,0.035000,€/kWh,121.230000,€/anno,,,indeterminata
04039180759,ENERGIACASAPLUS26,001010ESVFL01XXENERGIACASAPLUS26,variabile,12,0.015000,€/kWh,73.230000,€/anno,,,indeterminata
18014021002,Lene Leggera Luce 24,043981ESFML06XX0017060000002426A,fisso,,,,84,€/anno,,,24
02380320503,LENERGY STOCK EE,041410ESVFL01XXD10LENESTOCKE2026,variabile,12,0.051590,€/kWh,168.000000,€/anno,,,indeterminata
02380320503,MAXI BONUS LP EE,041410ESVFL01XXD10LPMAXIFLEX2026,variabile,12,0.066000,€/kWh,102.000000,€/anno,,,indeterminata
02380320503,LENERGY STOCK EE,041410ESVFL01XXD10LENNSTOCKE2026,variabile,12,0.022550,€/kWh,101.040000,€/anno,,,indeterminata
02380320503,GREEN FOR YOU,041410ESVFL01XXD10GREENFYOUE2026,variabile,12,0.033000,€/kWh,84.000000,€/anno,,,indeterminata
02380320503,START FLEX EXTRA BONUS EE,041410ESVFL01XXD10ESTARTFLEXEB26,variabile,12,0.054340,€/kWh,150.000000,€/anno,,,indeterminata
02380320503,FLEX LIGHT II CASA LP2 EE,041410ESVFL01XXD10LP2LIGHFLE2026,variabile,12,0.059950,€/kWh,96.000000,€/anno,,,indeterminata
02380320503,FLEX LP2 EE,041410ESVFL01XXD10LP2ENERFLE2026,variabile,12,0.047410,€/kWh,180.000000,€/anno,,,indeterminata
02380320503,MAXI BONUS LP2 EE,041410ESVFL01XXD10LP2MAXIFLE2026,variabile,12,0.048400,€/kWh,180.000000,€/anno,,,indeterminata
02380320503,FLEX LP EE,041410ESVFL01XXD10LPENERFLEX2026,variabile,12,0.048070,€/kWh,150.000000,€/anno,,,indeterminata
02380320503,FLEX LIGHT LP EE,041410ESVFL01XXD10LPLIGHFLEX2026,variabile,12,0.040700,€/kWh,108.000000,€/anno,,,indeterminata
02380320503,GREEN CLUB LUCE E GAS | EE,041410ESVFL01XXD10GREENCLUBE2026,variabile,12,0.032230,€/kWh,198.000000,€/anno,,,indeterminata
01760860161,LUCE AGILE,000785ESVFL04XXLDPULAGI260409300,variabile,12,0.01650,€/kWh,136.32,€/anno,,,indeterminata
01760860161,LIBARNA FLEX 2025,000785ESVFL04XXLDPUFLDOM26041010,variabile,12,0.02750,€/kWh,121.32,€/anno,,,indeterminata
01760860161,LUCE SICURO,000785ESFFL10XXLDFISILU260602100,fisso,,0.1705/0.17017,€/kWh,136.32,€/anno,,,12
04569010616,NETOIP POWER_2026,039840ESVFL06XXPUN7INDEX26NETOIP,variabile,12,0.016500,€/kWh,96.000000,€/anno,,,12
04569010616,NETOIP POWER_2026B,039840ESVFL07XXPUN7INDEX05NETOIP,variabile,12,0.019800,€/kWh,108.000000,€/anno,,,12
07463650965,ENERGIA DOMESTICA SICURA,005229ESFFL01XX0000000000ED1416F,fisso,,0.169004,€/kWh,168,€/anno,,,indeterminata
07463650965,ED0526M,005229ESVFL02XX0000000000ED0526M,variabile,12,0.06435,€/kWh,150,€/anno,,,indeterminata
07463650965,ED0426WEB,005229ESVFL01XX00000000ED0426WEB,variabile,12,0.011,€/kWh,120,€/anno,,,indeterminata
07463650965,ED0426_1WB,005229ESVFL01XX00000000ED04261WB,variabile,12,0.03575,€/kWh,162,€/anno,,,indeterminata
07463650965,ED0426_MEDPOWER_QSC,005229ESVFL01XXED0426MEDPOWERQSC,variabile,12,0.0121,€/kWh,120,€/anno,,,indeterminata
07463650965,ED0426VA,005229ESVFL01XX000000000ED0426VA,variabile,12,0.04565,€/kWh,318,€/anno,,,indeterminata
07463650965,ED0426_SC,005229ESVFL01XX000000000ED0426SC,variabile,12,0.0396,€/kWh,84,€/anno,,,indeterminata
07463650965,ED0426_MEDPOWER,005229ESVFL01XX000ED0426MEDPOWER,variabile,12,0.0121,€/kWh,120,€/anno,,,indeterminata
07463650965,ED0426,005229ESVFL01XX00000000000ED0426,variabile,12,0.04345,€/kWh,186,€/anno,,,indeterminata
07463650965,ED0426-60,005229ESVFL01XX000000000ED042660,variabile,12,0.04345,€/kWh,246,€/anno,,,indeterminata
07463650965,ED0426VD,005229ESVFL01XX000000000ED0426VD,variabile,12,0.04345,€/kWh,246,€/anno,,,indeterminata
07463650965,ED0426_2,005229ESVFL01XX0000000000ED04262,variabile,12,0.04345,€/kWh,186,€/anno,,,indeterminata
07463650965,ED0426-36,005229ESVFL01XX000000000ED042636,variabile,12,0.0396,€/kWh,180,€/anno,,,indeterminata
07463650965,ED0626M,005229ESVFL01XX0000000000ED0626M,variabile,12,0.03839,€/kWh,192,€/anno,,,indeterminata
07463650965,ED0426SM,005229ESVFL01XX000000000ED0426SM,variabile,12,0.03135,€/kWh,156,€/anno,,,indeterminata
07463650965,ED0426_NF,005229ESVFL01XX000000000ED0426NF,variabile,12,0.04675,€/kWh,186,€/anno,,,indeterminata
07463650965,ED0526_1WB,005229ESVFL01XX00000000ED05261WB,variabile,12,0.03575,€/kWh,162,€/anno,,,indeterminata
07463650965,ENERGIA DOMESTICA IBRIDA,005229ESVFL01XX000000000ED15I039,fisso,12,0.0352,€/kWh,180,€/anno,,,indeterminata
07463650965,ED0426_2WB,005229ESVFL01XX00000000ED04262WB,variabile,12,0.03575,€/kWh,168,€/anno,,,indeterminata
07463650965,ED0426M,005229ESVFL01XX0000000000ED0426M,variabile,12,0.02475,€/kWh,150,€/anno,,,indeterminata
07139460823,LUMEN LUCE LIGHT,039631ESVFL06XXLUMENXLUCEXLIGHTX,variabile,12,0.0275,€/kWh,240,€/anno,,,12
01806250625,TERRA PUBBLICA,038693ESVOL01XX00000000000031208,variabile,12,0.033,€/kWh,180,€/anno,,,12
01806250625,LUCE SPAZIALE,038693ESFML01XX00000000000031181,fisso,,0.0979,€/kWh,156,€/anno,,,12
14706141000,Start Luce Green + Massima Tranquillità Advanced,035755ESVFL01XXXESRTGRNXVASXXX1A,variabile,12,0.0150,€/kWh,222,€/anno,,,12
14706141000,Start Luce Green Seconda Fornitura Massima Tranquillità,035755ESVFL01XXESTARTGREENXV252C,variabile,12,0.0165,€/kWh,222,€/anno,,,12
14706141000,Start Luce Green,035755ESVFL01XXXESRTGRNXBASEXX1A,variabile,12,0.0150,€/kWh,222,€/anno,,,12
14706141000,Start Luce Green+Massima Tranquillità,035755ESVFL01XXXLUCEGREENVAS2026,variabile,12,0.0198,€/kWh,222,€/anno,,,12
14706141000,Start Luce Green Seconda Fornitura,035755ESVFL01XXESTARTGREENXX252C,variabile,12,0.0165,€/kWh,222,€/anno,,,12
14706141000,Start Luce Green,035755ESVFL01XXXXXXLUCEGREEN2026,variabile,12,0.0198,€/kWh,222,€/anno,,,12
01599350202,MABI SLIM CASA LUCE,000494ESVFL01XXMABISLIMCASALUCE6,variabile,12,0.015500,€/kWh,174.000000,€/anno,,,indeterminata
01599350202,MABI SHOCK AU 2.0,000494ESVFL01XXMEBSLIMCASALUCE2Z,variabile,12,0.017050,€/kWh,174.000000,€/anno,,,indeterminata
09985750968,FLEXIWEB ZERO LUCE,026846ESVOL46XX163FLEXIWEBZEROEE,variabile,12,0.0,€/kWh,132.0,€/anno,,,indeterminata
09985750968,FIXWEB LEGGERA LUCE,026846ESFML46XX163FIXWEBLEGGEEFX,fisso,,0.12386,€/kWh,132.0,€/anno,,,indeterminata
00273990168,LUCE SENZA PENSIERI - 1,000394ESFFL01XX0000000DDNN1AAF26,fisso,,0.146000/0.145000/0.129000,€/kWh,156.000000,€/anno,,,12
00273990168,LUCE FACILE ZERO SPREAD,000394ESVFL01XX0000000CDNN1ZXF26,variabile,12,0.000000,€/kWh,108.000000,€/anno,,,indeterminata
00273990168,LUCE PREMIA LA TUA ENERGIA RADDOPPIA - 1,000394ESVOL01XX0000000DDNN1B5F26,variabile,12,0.025000,€/kWh,120.000000,€/anno,,,indeterminata
00273990168,LUCE FACILE  - 1 WEB,000394ESVOL01XX0000000WDNN1AWF26,variabile,12,0.025000,€/kWh,132.000000,€/anno,,,indeterminata
00273990168,LUCE PREMIA LA TUA ENERGIA RADDOPPIA - 1,000394ESVFL01XX0000000DDNN1B5F26,variabile,12,0.025000,€/kWh,120.000000,€/anno,,,indeterminata
00273990168,LUCE PREMIA LA TUA ENERGIA - 1,000394ESVOL01XX0000000DDNN1B1F26,variabile,12,0.025000,€/kWh,120.000000,€/anno,,,indeterminata
00273990168,LUCE FACILE - 2,000394ESVFL01XX0000000DDNN1AXF26,variabile,12,0.025000,€/kWh,120.000000,€/anno,,,indeterminata
00273990168,LUCE FACILE  - 1 WEB,000394ESVFL01XX0000000WDNN1AWF26,variabile,12,0.025000,€/kWh,132.000000,€/anno,,,indeterminata
00273990168,LUCE PREMIA LA TUA ENERGIA - 1,000394ESVFL01XX0000000DDNN1B1F26,variabile,12,0.025000,€/kWh,120.000000,€/anno,,,indeterminata
00273990168,LUCE SENZA PENSIERI - 1,000394ESFFL02XX0000000DDNN1AAF26,fisso,,0.147000/0.135000,€/kWh,156.000000,€/anno,,,12
00273990168,LUCE FACILE - 1,000394ESVFL01XX0000000DDNN1A4F26,variabile,12,0.025000,€/kWh,120.000000,€/anno,,,indeterminata
00273990168,LUCE FACILE ZERO SPREAD - 1,000394ESVFL01XX0000000DDNN1Z1F26,variabile,12,0.000001,€/kWh,180.000000,€/anno,,,indeterminata
00273990168,LUCE SENZA PENSIERI - 1,000394ESFML01XX0000000DDNN1AAF26,fisso,,0.139900,€/kWh,156.000000,€/anno,,,12
00273990168,LUCE FACILE ZERO SPREAD,000394ESVOL01XX0000000CDNN1ZXF26,variabile,12,0.000000,€/kWh,108.000000,€/anno,,,indeterminata
00273990168,LUCE FACILE - 2,000394ESVOL01XX0000000DDNN1AXF26,variabile,12,0.025000,€/kWh,120.000000,€/anno,,,indeterminata
00273990168,LUCE FACILE ZERO SPREAD - 1,000394ESVOL01XX0000000DDNN1Z1F26,variabile,12,0.000001,€/kWh,180.000000,€/anno,,,indeterminata
00273990168,LUCE FACILE - 1,000394ESVOL01XX0000000DDNN1A4F26,variabile,12,0.025000,€/kWh,120.000000,€/anno,,,indeterminata
02954160616,SICURA 12 FISSA LUCE,001604ESFML01XX0626SPDFC2026EE01,fisso,,0.1584,€/kWh,120,€/anno,,,12
02954160616,SMART LUCE VARIABILE 2,001604ESVFL01XX0226WB1VC2026EE02,variabile,12,0.0176,€/kWh,96,€/anno,,,indeterminata
02954160616,SERENA VARIABILE LUCE 2,001604ESVFL01XX0226DO1VC2026EE02,variabile,12,0.0176,€/kWh,120,€/anno,,,indeterminata
02954160616,DOMESTICI GRADUALI VARIABILI 2,001604ESVFL01XX0226GRDVD2026EE02,variabile,12,0.0176,€/kWh,120,€/anno,,,indeterminata
02954160616,SECONDE CASE LUCE 2,001604ESVFL01XX02262CAVC2026EE02,variabile,12,0.0385,€/kWh,60,€/anno,,,indeterminata
02954160616,LUCE PER TE VARIABILE 2,001604ESVFL01XX0226LPTVC2026EE02,variabile,12,0.0176,€/kWh,120,€/anno,,,indeterminata
02573970031,EE_PU_FAM_f23a,028626ESVFL01XXEEPUFAMf23aVAR000,variabile,12,0.0353,€/kWh,94.8,€/anno,,,indeterminata
02573970031,EE_PU_BUS_f21,028626ESVFL01XXEEPUBUSf21VAR0000,variabile,12,0.006,€/kWh,141.6,€/anno,,,indeterminata
02573970031,EE_PU_MONO_23a,028626ESVML01XXEEPUMONO23a000000,variabile,12,0.0353,€/kWh,94.8,€/anno,,,indeterminata
01476410624,LUCE FAMILY BASIC,002955ESVML01XXMIWAFAMIMONOBASIC,variabile,12,0.022000,€/kWh,84.000000,€/anno,,,indeterminata
01476410624,MIWA FLAT LUCE WEB,002955ESVML02XXFAMILYLUCEFLATWEB,variabile,12,0.011000,€/kWh,96.000000,€/anno,,,indeterminata
12027260962,START GREEN CASA PREMIUM - FLEX,040350ESVFL01XXESTARTDXGREENPR02,variabile,12,0.020350,€/kWh,78.000000,€/anno,,,12
12027260962,START GREEN CASA ÉLITE- FLEX,040350ESVFL01XXEGREENDXELIT202XX,variabile,12,0.031350,€/kWh,171.880000,€/anno,,,12
02968430237,MIA LUCE FIX WEB,000592ESFML01XXDXX0626XMIAFIXWEB,fisso,,,,96.00,€/anno,,,24
02968430237,MIA LUCE FIX SMART,000592ESFML01XXDBX0626XMIAFIXSMA,fisso,,,,120.00,€/anno,,,24
02968430237,MIA LUCE FIX PRO,000592ESFML01XXDMX0626XMIAFIXPRO,fisso,,,,120.00,€/anno,,,24
02968430237,MIA LUCE FIX PLUS,000592ESFML01XXDAX0626XMIAFIXPLU,fisso,,,,150.00,€/anno,,,24
02968430237,MIA LUCE PRO,000592ESVFL02XXDMX0426XMIAVARPRO,variabile,12,0.0165,€/kWh,120.00,€/anno,,,indeterminata
02968430237,MIA LUCE PLUS,000592ESVFL01XXDAX0426XMIAVARPLU,variabile,12,0.033,€/kWh,159.00,€/anno,,,indeterminata
02968430237,MIA LUCE,000592ESVFL02XXDBX0426XOFFERTMIA,variabile,12,0.00,€/kWh,120.00,€/anno,,,12
02268380306,PUN 3 fasce PO_2026,001135ESVFL01XXMLXXPO2026XXXEE01,variabile,12,0.018000,€/kWh,120.000000,€/anno,,10000,indeterminata
05276040655,MSG LUCE CHIARA FLEX,022801ESVFL01XXLUCECHIARAFD3FX01,variabile,12,0.027700,€/kWh,145.230000,€/anno,,,12
08072911210,MONO_NEOGAS_PUN_E,024503ESVML01XXMONONEOGASPUNDOME,variabile,12,0.050000,€/kWh,120.000000,€/anno,,,indeterminata
10555170967,NEX_EE_CF_PUN_DOM WEB - Pun Domestico,029290ESVFL04XX2026DOMFAMILYWEBX,variabile,12,0.055000,€/kWh,456.000000,€/anno,,,12
10555170967,NEX_EE_CF_PUN_DOM_CS WEB - Pun Domestico Logicard,029290ESVFL04XX2026DOMSICURAWEBX,variabile,12,0.050000,€/kWh,456.000000,€/anno,,,12
16000551008,OFFERTA LUCE MERCATO LIBERO FAMILY PO 12025 IPEX,036309ESVFL01XXNEXTA000000003698,variabile,01,0.03,€/kWh,144,€/anno,,,8
02616630022,ENERWEB ENERGIA SENZA SORPRESE - bioraria,025434ESFFL06XX00000001054940126,fisso,,,,48,€/anno,,,25
02616630022,ENERWEB DINAMICA LUCE,025434ESVFL05XX00000001055100126,variabile,12,0.02530,€/kWh,48,€/anno,,,25
02616630022,SENZA SORPRESE LUCE mono,025434ESFML05XX00000001054850126,fisso,,,,81.84,€/anno,,,13
02616630022,SENZA SORPRESE LUCE bio,025434ESFFL05XX00000001054860126,fisso,,0.21842/0.21065,€/kWh,81.84,€/anno,,,13
02616630022,DINAMICA LUCE,025434ESVML03XX00000001055000126,variabile,12,0.0400,€/kWh,81.84,€/anno,,,13
02616630022,ENERWEB ENERGIA SENZA SORPRESE - monoraria,025434ESFML06XX00000001054930126,fisso,,,,48,€/anno,,,25
01267880316,Energia Bilanciata Home,041483ESVOL01XXELEBILANCIDOM2410,variabile,12,0.0209,€/kWh,196.2,€/anno,,,12
01267880316,Energia Core Home Diretta,041483ESVOL01XXELECOREDOMDIR2501,variabile,12,0.0132,€/kWh,144,€/anno,,,12
02294320979,Luce Amica Domestico – FIX,020443ESFFL01XXLUCEAMICADO062026,fisso,,0.205700/0.187000/0.183700,€/kWh,139.320000,€/anno,,,12
02294320979,Luce Amica Domestico – FIX,020443ESFML01XXLUCEAMICADO062026,fisso,,0.189200,€/kWh,139.320000,€/anno,,,12
02294320979,Luce Amica Domestico – FIX,020443ESFML01XXLADOMEINFOR062026,fisso,,0.199100,€/kWh,139.320000,€/anno,,,12
02294320979,Luce Amica Domestico – FIX,020443ESFFL01XXLADOMEINFOR062026,fisso,,0.211200/0.201300/0.193600,€/kWh,139.320000,€/anno,,,12
12357070965,CALABRIAMLDOM_24,038103ESVFL01XX00000000000000013,variabile,01,0.020000,€/kWh,150.000000,€/anno,,,indeterminata
01574460430,non resid NO conn,041448ESVFL01XXXXNORNCDOMEFASC02,variabile,12,0.03,€/kWh,216,€/anno,,,12
01574460430,non resid+conn,041448ESVFL01XXXXNORSCDOMEFASC02,variabile,12,0.03,€/kWh,252,€/anno,,,12
01574460430,resid NO conn,041448ESVFL01XXXXRESNCDOMEFASC02,variabile,12,0.02,€/kWh,228,€/anno,,,12
01574460430,resid+conn,041448ESVFL01XXXXRESSCDOMEFASC02,variabile,12,0.022,€/kWh,234,€/anno,,,12
05679530872,DOMESTICO VARIABILE TRIO,029878ESVFL03XX00002DOM2VAR2TRIO,variabile,12,0.024200,€/kWh,144.000000,€/anno,,,99
05679530872,FOTOVOLTAICO LUCE,029878ESVFL03XX0000000000FV2LUCE,variabile,12,0.024200,€/kWh,120.000000,€/anno,,,99
05679530872,DOMESTICO VARIABILE MONO R,029878ESVML05XX00007DOM7VAR7MONO,variabile,12,0.024200,€/kWh,144.000000,€/anno,,,99
05679530872,DOMESTICO VARIABILE BIOM,029878ESVFL03XX000000DOM8VAR8BIO,variabile,12,0.024200,€/kWh,192.000000,€/anno,,,99
05679530872,DOMESTICO VARIABILE MONO,029878ESVML03XX00002DOM2VAR2MONO,variabile,12,0.024200,€/kWh,144.000000,€/anno,,,99
05679530872,DOMESTICO VARIABILE TRIOM,029878ESVFL03XX00000DOM8VAR8TRIO,variabile,12,0.024200,€/kWh,192.000000,€/anno,,,99
05679530872,DOMESTICO VARIABILE MONOM,029878ESVML03XX00000DOM8VAR8MONO,variabile,12,0.024200,€/kWh,192.000000,€/anno,,,99
05679530872,DOMESTICO QUASI FISSO,029878ESVML04XX00002DOM2QUAS2FIS,variabile,12,0.049500,€/kWh,144.000000,€/anno,,,99
05679530872,DOMESTICO LIGHT R,029878ESVFL04XX00000000DOM7LIGHT,variabile,12,0.027500,€/kWh,120.000000,€/anno,,600,99
05679530872,DOMESTICO VARIABILE TRIO R,029878ESVFL05XX00007DOM7VAR7TRIO,variabile,12,0.024200,€/kWh,144.000000,€/anno,,,99
05679530872,DOMESTICO VARIABILE BIO R,029878ESVFL05XX000007DOM7VAR7BIO,variabile,12,0.024200,€/kWh,144.000000,€/anno,,,99
05679530872,DOMESTICO LIGHT,029878ESVFL02XX00000000DOM2LIGHT,variabile,12,0.027500,€/kWh,120.000000,€/anno,,600,99
05679530872,DOMESTICO VARIABILE BIO,029878ESVFL03XX000002DOM2VAR2BIO,variabile,12,0.024200,€/kWh,144.000000,€/anno,,,99
05679530872,FOTOVOLTAICO LUCE R,029878ESVFL05XX0000000000FV7LUCE,variabile,12,0.024200,€/kWh,120.000000,€/anno,,,99
07534030726,NOIENERGIA PUN INDEX GME DOMESTICA MONO,024632ESVML01XXSTDDOMVARMONO0005,variabile,12,0.065389,€/kWh,153.12,€/anno,,,indeterminata
07534030726,NOIENERGIA PUN INDEX GME DOMESTICA BIO,024632ESVFL01XXSTDDOMVARPOP00004,variabile,12,0.065389,€/kWh,153.12,€/anno,,,indeterminata
07534030726,NOIENERGIA PUN INDEX GME DOMESTICA TRIO,024632ESVFL01XXSTDDOMVARTRIO0004,variabile,12,0.065389,€/kWh,153.12,€/anno,,,indeterminata
07534030726,NOIENERGIA PUN INDEX GME DOMESTICA MONO,024632ESVML01XXSTDDOMVARMONO0004,variabile,12,0.069738,€/kWh,153.12,€/anno,,,indeterminata
07534030726,NOIENERGIA PUN INDEX GME DOMESTICA TRIO,024632ESVFL01XXSTDDOMVARTRIO0005,variabile,12,0.065389,€/kWh,153.12,€/anno,,,indeterminata
07534030726,NOIENERGIA PUN INDEX GME DOMESTICA BIO,024632ESVFL01XXSTDDOMVARPOP00005,variabile,12,0.065389,€/kWh,153.12,€/anno,,,indeterminata
03757680966,SUPER LUCE PUN VERDE DOMESTICI,000535ESVFL02XXSLUCEGREEN2026041,variabile,12,0.0542,€/kWh,124,€/anno,,,indeterminata
03757680966,SEMPLICE LUCE SUMMER,000535ESVFL02XXSEMPLSE26V1070526,variabile,12,0.0132,€/kWh,84,€/anno,,,indeterminata
03757680966,CON NOI GREEN PUN DOMESTICO,000535ESVFL01XXCNPUNGREENDV40806,variabile,12,0.031,€/kWh,149,€/anno,,,indeterminata
03757680966,LEGGERA PUN DOMESTICO,000535ESVFL02XXLEGGPUNDO20260501,variabile,12,0.045,€/kWh,84,€/anno,,,indeterminata
03757680966,RELAX CASA PUN DOMESTICO,000535ESVFL02XXRLXCDOPUN20260401,variabile,12,0.0498,€/kWh,219,€/anno,,,indeterminata
03757680966,SEMPLICE LUCE,000535ESVFL02XXSEMPLEDOM20260401,variabile,12,0.01543,€/kWh,110,€/anno,,,indeterminata
03757680966,WEB PLUS LUCE,000535ESVFL02XXWEBDOMEE202604010,variabile,12,0.0088,€/kWh,72,€/anno,,,indeterminata
03757680966,ACTIVE HOME PUN,000535ESVFL02XXACTIVHPUN20260401,variabile,12,0.0099,€/kWh,136.5,€/anno,,,indeterminata
01771990445,Octopus Fissa 12M,000129ESFML47XXXXXXXXOCTOFIXv147,fisso,,,,72.000000,€/anno,0,10000,12
01771990445,Octopus Flex,000129ESVFL98XXXXXXXXOCTOFLEXv98,variabile,12,0.008800,€/kWh,72.000000,€/anno,0,10000,indeterminata
01771990445,Octopus Flex,000129ESVFL97XXXXXXXXOCTOFLEXv97,variabile,12,0.008800,€/kWh,72.000000,€/anno,0,10000,indeterminata
01771990445,Octopus Flex Mono,000129ESVML84XXXXXOCTOFLEXMONv84,variabile,12,0.008800,€/kWh,72.000000,€/anno,0,10000,indeterminata
01787510898,LUCE Bonus 50,025990ESVFL01XX0AV0BON0D1526P30B,variabile,12,0.0275,€/kWh,144.000000,€/anno,,,indeterminata
12952081003,PUN Condomini,021889ESVFL01XXYYYYYCOND1PUN2026,variabile,12,0.0800,€/kWh,113.04,€/anno,,,indeterminata
12952081003,PUN Domestici,021889ESVFL04XXYYYYYYDOM1PUN2026,variabile,12,0.0350,€/kWh,168.0,€/anno,,,indeterminata
12952081003,PUN OVvia Domestici,021889ESVFL04XXYYYPUNOVVIA1D2026,variabile,12,0.0250,€/kWh,120.0,€/anno,,,indeterminata
12952081003,Fix OV Domestici,021889ESFML04XXYYYFIXOVF0LCA2026,fisso,,0.1680,€/kWh,144.0,€/anno,,,indeterminata
12952081003,PUN Small Business,021889ESVFL01XXYYYYYYYSM1PUN2026,variabile,12,0.0400,€/kWh,113.04,€/anno,,,indeterminata
11014291006,DOMESTICO_EE_WEB_PUN_0426,019850ESVFL01XXEEDOM010426PUNWEB,variabile,01,0.0128,€/kWh,126.0,€/anno,,,12
11014291006,DOMESTICO_EE_CONVENZIONE_DIPENDENTI_PUN_0426,019850ESVFL01XXEEDOM426PUNCONVDP,variabile,01,0.0188,€/kWh,108.0,€/anno,,,12
03053070219,Oetzi Energy Domestico / Oetzi Energy Haushalte,030019ESVFL01XX000002DOMPUNOHQ10,variabile,12,0.010000,€/kWh,91,€/anno,,,indeterminata
03589630239,RESIDENZIALE EE B 0426,025867ESVFL03XX000426DOMLUCESINB,variabile,12,0.027500,€/kWh,150.000000,€/anno,,,12
03589630239,FAMILY LUCE TLS,025867ESVFL04XX000000426TLSEDPUN,variabile,12,0.055000,€/kWh,624.000000,€/anno,,,12
03589630239,FAMILY LUCE RF,025867ESVFL04XX00000426RFINDEXED,variabile,12,0.033000,€/kWh,240.000000,€/anno,,,12
03589630239,FAMILY LUCE FIX WN,025867ESFFL04XX0000000426FIXEDWN,fisso,,0.198000,€/kWh,164.000000,€/anno,,,12
03589630239,FAMILY LUCE CONV INDEX,025867ESVFL03XX00000426CONVEDPUN,variabile,12,0.020900,€/kWh,144.000000,€/anno,,,12
03589630239,FAMILY LUCE AR,025867ESFFL04XX0000000426FIXEDAR,fisso,,0.198000,€/kWh,240.000000,€/anno,,,12
03589630239,FAMILY LUCE FIX MF,025867ESFFL04XX0000000426FIXEDMF,fisso,,0.198000,€/kWh,240.000000,€/anno,,,12
03589630239,FAMILY LUCE UBF,025867ESVFL04XX000000426UBFEDPUN,variabile,12,0.027500,€/kWh,190.000000,€/anno,,,12
03589630239,FAMILY LUCE DS,025867ESVFL04XX0000000426DSEDPUN,variabile,12,0.027500,€/kWh,89.430000,€/anno,,,12
03589630239,RESIDENZIALE EE F 0426,025867ESVFL04XX24DOMLUCESINERGYF,variabile,12,0.033000,€/kWh,264.000000,€/anno,,,12
03589630239,PRIME CASA LUCE,025867ESVFL04XX0000EDPRM0426BIND,variabile,12,0.025000,€/kWh,132.000000,€/anno,,,12
03589630239,FAMILY LUCE SH,025867ESVFL04XX0000000426SHEDPUN,variabile,12,0.027500,€/kWh,120.000000,€/anno,,,12
03589630239,FAMILY LUCE F,025867ESVFL04XX00000000426FEDPUN,variabile,12,0.049500,€/kWh,200.000000,€/anno,,,12
03589630239,RESIDENZIALE CTE I,025867ESVFL04XX000000426DOMLUCEI,variabile,12,0.029700,€/kWh,280.000000,€/anno,,,12
03589630239,FAMILY LUCE EAD,025867ESVFL04XX000000426EADEDPUN,variabile,12,0.014300,€/kWh,89.430000,€/anno,,,12
03589630239,FAMILY LUCE DF,025867ESVFL04XX0000000426DFEDPUN,variabile,12,0.027500,€/kWh,144.000000,€/anno,,,12
03589630239,FAMILY LUCE FIX ED,025867ESFFL04XX000000000426FIXED,fisso,,0.198000,€/kWh,192.000000,€/anno,,,12
03589630239,FAMILY LUCE PC,025867ESVFL03XX0000000426PCEDPUN,variabile,12,0.018700,€/kWh,144.000000,€/anno,,,12
03589630239,FAMILY LUCE CU,025867ESVFL04XX0000000426CUEDPUN,variabile,12,0.018700,€/kWh,120.000000,€/anno,,,12
03589630239,FAMILY LUCE ML,025867ESVFL04XX0000000426MLEDPUN,variabile,12,0.027500,€/kWh,130.000000,€/anno,,,12
03589630239,FAMILY LUCE AC,025867ESVFL04XX0000000426ACEDPUN,variabile,12,0.033000,€/kWh,175.000000,€/anno,,,12
03589630239,FAMILY LUCE D,025867ESVFL04XX00000000426DEDPUN,variabile,12,0.027500,€/kWh,168.000000,€/anno,,,12
03589630239,FAMILY LUCE UB,025867ESVFL04XX0000000426UBEDPUN,variabile,12,0.027500,€/kWh,130.000000,€/anno,,,12
03589630239,FAMILY LUCE FIX S06,025867ESFFL06XX000000626FIXEDS06,fisso,,0.159500,€/kWh,159.600000,€/anno,,,12
02599020787,OMNIAGO-50% LUCE,000836ESVFL01XX0000000000OMNIAGO,variabile,12,0.022000,€/kWh,144.000000,€/anno,,,12
11090150969,OPC IMPRESA LUCE,036737ESVOL01XX2025101OPCIMPRESA,variabile,12,0.017,€/kWh,0.003,€/kWh,,,12
11090150969,OPC CONDOMINI LUCE,036737ESVOL01XX2025101OPCCONDOMI,variabile,12,0.017,€/kWh,0.003,€/kWh,,,12
11090150969,ONE SMART LUCE,036737ESVOL01XX2025101ONESMARTEE,variabile,12,0.017,€/kWh,0.003,€/kWh,,,12
11090150969,OPC X TE LUCE,036737ESVOL01XX2025101OPCXTELUCE,variabile,12,0.017,€/kWh,0.003,€/kWh,,,12
07469040633,Super Casa Smart,002626ESFML01XX2050X5092OOOOOOOO,fisso,,0.2217,€/kWh,228.00,€/anno,,,24
07469040633,Super Casa Smart,002626ESVOL01XX2141X5058OOOOOOOO,variabile,12,0.0300,€/kWh,156.00,€/anno,,,12
07469040633,Super Casa Smart,002626ESVOL01XX1990X5033OOOOOOOO,variabile,12,0.0935,€/kWh,168.00,€/anno,,,12
07469040633,Super Casa Smart,002626ESVOL01XX1649X3218OOOOOOOO,variabile,12,0.030,€/kWh,106.80,€/anno,,,12
07469040633,Super Casa Smart,002626ESFML01XX2144X5090OOOOOOOO,fisso,,0.1832,€/kWh,192.00,€/anno,,,24
07469040633,Super Casa Smart,002626ESFML01XX1997X5090OOOOOOOO,fisso,,0.1832,€/kWh,192.00,€/anno,,,24
07469040633,Super Casa Smart,002626ESVOL01XX2047X5054OOOOOOOO,variabile,12,0.0803,€/kWh,192.00,€/anno,,,12
07469040633,Super Casa Smart,002626ESVOL01XX2142X5058OOOOOOOO,variabile,12,0.0300,€/kWh,156.00,€/anno,,,12
07469040633,Super Casa Smart,002626ESVOL01XX2143X5060OOOOOOOO,variabile,12,0.0300,€/kWh,156.00,€/anno,,,12
07469040633,Super Casa Smart,002626ESVOL01XX1435X3218OOOOOOOO,variabile,12,0.030,€/kWh,106.80,€/anno,,,12
07469040633,Super Casa Smart,002626ESVOL01XX1504X3218OOOOOOOO,variabile,12,0.030,€/kWh,106.80,€/anno,,,12
05265590652,DYNAMIC+ Casa – ENERGIA VERDE 100%,022188ESVFL01XX00000000ODCEV0426,variabile,12,0.034900,€/kWh,142.800000,€/anno,,,12
05265590652,Comfort casa,022188ESVFL01XX000OECOMFCASA0426,variabile,12,0.029900,€/kWh,178.800000,€/anno,,,12
15487381004,OFFERTA LUCE MERCATO LIBERO FAMILY PO 12025 IPEX,030367ESVFL01XXORANG000000004841,variabile,01,0.03,€/kWh,144,€/anno,,,8
12887640014,DOM_SUPERNOVA_EE,044010ESVFL04XXLUCEDOMESUPERNOVA,variabile,12,0.0242,€/kWh,96,€/anno,,,indeterminata
12887640014,DOM_NOVA_RID_EE,044010ESVFL04XXDOMEST2026NOVARID,variabile,12,0.0242,€/kWh,126,€/anno,,,indeterminata
12887640014,DOM_ORBYTERS_EE,044010ESVFL04XX2026DOMESORBYTERS,variabile,12,0.0242,€/kWh,78,€/anno,,,indeterminata
12887640014,DOM_ECONOVA_EE,044010ESVFL04XXEEDOMESTICECONOVA,variabile,12,0.077,€/kWh,180,€/anno,,,indeterminata
12887640014,DOM_URANUS_EE,044010ESVFL01XXEEURANUSDOMESTICO,variabile,12,0.022,€/kWh,198,€/anno,,,indeterminata
12887640014,DOM_STAR_EE,044010ESVFL04XX26DOMESTXSTARLUCE,variabile,12,0.0242,€/kWh,144,€/anno,,,indeterminata
00065030256,Per Sempre Luce Casa,000203ESVFL01XXPDOM0001800202605,variabile,12,0.019800,€/kWh,84.000000,€/anno,,,indeterminata
02306970514,Fisso_Rata_Costante_Luce_Home_EE_DO,028280ESFML01XXXXXXXEDL26AXDOXRF,fisso,,0.217370,€/kWh,296.950000,€/anno,,,indeterminata
08631701219,PUN_3F_DOM_STD,028175ESVOL01XX0PUN3FDOMSTD12025,variabile,12,47.880000,€/anno,83.880000,€/anno,,,99
10580800018,PE PUN DOMESTICI 2026,004319ESVFL03XXPEPUNSTDO01012026,variabile,08,0.0253,€/kWh,120,€/anno,,,12
10580800018,PE PUN DOMESTICI PROMO 30 2026,004319ESVFL03XXPEPUNPRDO01012026,variabile,08,0.0253,€/kWh,120,€/anno,,,12
06874351007,Poste Energia Luce,036327ESFML07XX260605REPENGXXXXX,fisso,,,,89,€/anno,,,12
06874351007,TIM Energia Luce Special,036327ESFML07XX260605REPWBYTIMXX,fisso,,,,140,€/anno,,,12
06874351007,TIM Energia Luce,036327ESFML07XX260605REPWBYXXXXX,fisso,,,,140,€/anno,,,12
08786350721,LUCE CASA BASE,042389ESVFL02XX000000000PECRESA3,variabile,12,0.029700,€/kWh,107.400000,€/anno,,,12
08786350721,LUCE CASA STANDARD,042389ESVFL01XX00000000PECRESA31,variabile,12,0.027500,€/kWh,131.400000,€/anno,,,12
09080630966,DINAMICA CASA 2.5_20 SP,024349ESVFL01XXDINAMC25200241101,variabile,01,0.022000,€/kWh,30.000000,€/anno,,,12
17484351006,Pulsee Luce e Gas RELAX Fix - P,040505DSFML06XXPULSEEFIX71372606,fisso,,,,144.00000,€/anno,,,24
17484351006,Easy Luce Fix 36 mesi 3Fasce,040505ESFFL06XXPULSEEFIX71662606,fisso,,,,180.00000,€/anno,,,36
17484351006,Easy Luce Fix 36 mesi Unico,040505ESFML06XXPULSEEFIX71612606,fisso,,,,180.00000,€/anno,,,36
17484351006,Smart Luce Fix 36 mesi Unico,040505ESFML06XXPULSEEFIX71642606,fisso,,,,204.00000,€/anno,,,36
17484351006,Partner Luce Fix 36 mesi,040505ESFFL06XXPULSEEFIX71622606,fisso,,,,156.00000,€/anno,,,36
17484351006,Pulsee Luce PER TE Index,040505ESVFL06XXPULSEEPUM72732606,variabile,12,0.00000,€/kWh,144.00000,€/anno,,,indeterminata
17484351006,Smart Luce Fix 3Fasce,040505ESFFL06XXPULSEEFIX71352606,fisso,,,,204.00000,€/anno,,,24
17484351006,Partner Luce Index Plus,040505ESVFL06XXPULSEEPUM72702606,variabile,12,0.01870,€/kWh,180.00000,€/anno,,,indeterminata
17484351006,Pulsee Luce Semplice Fix,040505ESFML06XXPULSEEFIX71292606,fisso,,,,90.00000,€/anno,,,24
17484351006,Value Luce Fix Unico,040505ESFML06XXPULSEEFIX71842606,fisso,,,,192.00000,€/anno,,,24
17484351006,Pulsee Luce e Gas RELAX Fix - P 36 mesi,040505ESFML06XXPULSEEFIX71692606,fisso,,,,144.00000,€/anno,,,36
17484351006,Smart Luce Index,040505ESVFL06XXPULSEEPUM72322606,variabile,12,0.04498,€/kWh,204.00000,€/anno,,,indeterminata
17484351006,Value Luce Index,040505ESVFL06XXPULSEEPUM72722606,variabile,12,0.03398,€/kWh,192.00000,€/anno,,,indeterminata
17484351006,Partner Luce Fix Plus 36 mesi,040505ESFFL06XXPULSEEFIX71632606,fisso,,,,180.00000,€/anno,,,36
17484351006,Value Luce Fix 36 mesi Unico,040505ESFML06XXPULSEEFIX71652606,fisso,,,,192.00000,€/anno,,,36
17484351006,Smart Luce Fix 36 mesi 3Fasce,040505ESFFL06XXPULSEEFIX71672606,fisso,,,,204.00000,€/anno,,,36
17484351006,Smart Luce Fix Unico,040505ESFML06XXPULSEEFIX71342606,fisso,,,,204.00000,€/anno,,,24
17484351006,Pulsee Luce e Gas Semplice Fix - P,040505DSFML06XXPULSEEFIX71312606,fisso,,,,90.00000,€/anno,,,24
17484351006,Easy Luce Fix 3Fasce,040505ESFFL06XXPULSEEFIX71382606,fisso,,,,180.00000,€/anno,,,24
17484351006,Pulsee Luce Semplice Index,040505ESVFL06XXPULSEEPUM72342606,variabile,12,0.01700,€/kWh,90.00000,€/anno,,,indeterminata
17484351006,Partner Luce Fix,040505ESFFL06XXPULSEEFIX71362606,fisso,,,,156.00000,€/anno,,,24
17484351006,Pulsee Luce RELAX Fix,040505ESFML06XXPULSEEFIX71322606,fisso,,,,144.00000,€/anno,,,24
17484351006,Value Luce Fix 3Fasce,040505ESFFL06XXPULSEEFIX71852606,fisso,,,,192.00000,€/anno,,,24
17484351006,Pulsee Luce e Gas Semplice Index - P,040505DSVFL06XXPULSEEPUM72512606,variabile,12,0.01700,€/kWh,90.00000,€/anno,,,indeterminata
17484351006,Easy Luce Fix Unico,040505ESFML06XXPULSEEFIX71392606,fisso,,,,180.00000,€/anno,,,24
17484351006,Partner Luce Fix Plus,040505ESFFL06XXPULSEEFIX71332606,fisso,,,,180.00000,€/anno,,,24
17484351006,Easy Luce Limit.e,040505ESVML06XXPULSEEPUB72682606,variabile,12,0.00000,€/kWh,216.00000,€/anno,,,12
17484351006,Partner Luce Index,040505ESVFL06XXPULSEEPUM72462606,variabile,12,0.02255,€/kWh,156.00000,€/anno,,,indeterminata
17484351006,Pulsee Luce Limit.e,040505ESVML06XXPULSEEPUB72332606,variabile,12,0.00000,€/kWh,180.00000,€/anno,,,12
17484351006,Pulsee Luce e Gas PER TE Index - P,040505ESVFL06XXPULSEEPUM72422606,variabile,12,0.00000,€/kWh,144.00000,€/anno,,,indeterminata
17484351006,Pulsee Luce RELAX Fix 36 mesi,040505ESFML06XXPULSEEFIX71602606,fisso,,,,144.00000,€/anno,,,36
17484351006,Value Luce Fix 36 mesi 3Fasce,040505ESFFL06XXPULSEEFIX71682606,fisso,,,,192.00000,€/anno,,,36
17484351006,Easy Luce Index,040505ESVFL06XXPULSEEPUM72662606,variabile,12,0.00000,€/kWh,180.00000,€/anno,,,indeterminata
17484351006,Pulsee Limit.e DUAL - Luce,040505DSVML06XXPULSEEPUB72532606,variabile,12,0.00000,€/kWh,180.00000,€/anno,,,12
01946540471,CASAINDEXPO26,028121ESVFL12XXEE00CASAINDEXPO26,variabile,12,0.018,€/kWh,96.0,€/anno,,,indeterminata
05050950657,ALLEGRA EE,017247ESVFL08XX02501013FAPUNALG1,variabile,12,0.027500,€/kWh,186.000000,€/anno,,,60
05050950657,FLEXA LITE CASA,017247ESVFL07XX02604013FAPUNFXL7,variabile,12,0.011000,€/kWh,96.000000,€/anno,,,60
05050950657,KINETICA,017247ESVFL07XX00000KINETICA2026,variabile,12,0.011000,€/kWh,72.000000,€/anno,,,12
05050950657,ENERGIA CASA FLEX TOP,017247ESVFL10XX2604013FAPUNCFXT7,variabile,12,0.019910,€/kWh,264.000000,€/anno,,,60
05050950657,ENERGIA CASA FLEX,017247ESVFL07XX2604013FAPUNECFX1,variabile,12,0.019910,€/kWh,192.000000,€/anno,,,60
05050950657,AMICA LUCE,017247ESVFL08XX02604013FAPUNAHG1,variabile,12,0.027500,€/kWh,186.000000,€/anno,,,60
05050950657,SPRING CASA LUCE,017247ESVFL08XX02604013FAPUNSPH2,variabile,12,0.030250,€/kWh,150.000000,€/anno,,,60
05050950657,ENERGIA CASA FLEX FACILE,017247ESVFL09XX2604013FAPUNCFXF5,variabile,12,0.019910,€/kWh,288.000000,€/anno,,,60
05050950657,PRIMA DOMESTICO,017247ESVFL06XX02604013FAPUNFPG3,variabile,12,0.016500,€/kWh,114.000000,€/anno,,,60
05050950657,PRIMA LITE EE,017247ESVFL08XX02604013FAPUNPL11,variabile,12,0.014850,€/kWh,96.000000,€/anno,,,72
05050950657,SERENA CASA LUCE,017247ESVFL10XX02604013FAPUNSRN1,variabile,12,0.022000,€/kWh,162.000000,€/anno,,,60
05050950657,DODEKA,017247ESVFL10XX02604023FAPUNDDK1,variabile,12,0.027500,€/kWh,180.000000,€/anno,,4000,99
05050950657,FLEXA CASA,017247ESVFL06XX02604013FAPUNFXH6,variabile,12,0.020900,€/kWh,168.000000,€/anno,,,60
05050950657,KINETICA,017247ESVFL08XX00000KINETICA2026,variabile,12,0.011000,€/kWh,72.000000,€/anno,,9999,24
05050950657,DOMUS CASA ENERGIA,017247ESVFL08XX02604013FAPUNDCE1,variabile,12,0.022000,€/kWh,120.000000,€/anno,,,60
05050950657,SEMPLICE DOMESTICO,017247ESVFL07XX02604013FAPUNFHG3,variabile,12,0.034100,€/kWh,270.000000,€/anno,,,60
05050950657,RELAX CASA EE,017247ESVFL05XX2604013FAPUNRLXG1,variabile,12,0.027500,€/kWh,282.000000,€/anno,,,60
09204371216,PREMIUM CASA,029263ESVFL01XX01042026P31072026,variabile,12,0.0297,€/kWh,72,€/anno,,,indeterminata
09204371216,POWER CASA,029263ESVFL01XX1805202630082026U,variabile,12,0.0165,€/kWh,144,€/anno,,,indeterminata
09204371216,RELAX CASA,029263ESVFL01XX01042026D31072026,variabile,12,0.0407,€/kWh,120,€/anno,,,indeterminata
04355290166,POWER X SEMPRE TUTELATI EE,028704ESVFL01XX0000000XSEMPREDOM,variabile,12,0.015,€/kWh,150,€/anno,,,indeterminata
01900420223,ENERGIA CASA PRIMIERO,000204ESVFL02XXENERGIADOMCOMSOCI,variabile,12,0.0025,€/kWh,78.0000,€/anno,,,indeterminata
01900420223,ENERGIA CASA TRENTINO,000204ESVFL01XXENERGIADOMESFUORI,variabile,12,0.005,€/kWh,89.9900,€/anno,,,indeterminata
02089000422,ESTRA PROMETEO NATURA LUCE,000529ESVFL01XXE77XX11062609GYNL,variabile,12,0.027500,€/kWh,144.000000,€/anno,,,12
02089000422,UNICA FLEX ASSICURA PROMO LUCE,000529ESVFL01XXE97XX11062609GNUA,variabile,12,0.029700,€/kWh,84.000000,€/anno,,,12
02089000422,ESTRA PROMETEO FACILE LUCE,000529ESVFL01XXE78XX11062609GNFL,variabile,12,0.029700,€/kWh,42.000000,€/anno,,,12
02089000422,UNICA FIX ASSICURA LUCE,000529ESFML01XXE96XX11062603GNUA,fisso,,0.175890,€/kWh,60.000000,€/anno,,,12
02089000422,ESTRA PROMETEO FISSA LUCE,000529ESFML01XXE79XX11062603GYFX,fisso,,,,168.000000,€/anno,,,12
02089000422,ESTRA PROMETEO UNICA FLEX LUCE,000529ESVML01XXE90XX11062609GNUV,variabile,12,0.030000,€/kWh,132.000000,€/anno,,,12
04639010752,FIXCASA,039936ESFFL00XXFIXCASA0000000000,fisso,,0.131,€/kWh,156.0,€/anno,,,1
09609101218,Re-Zero Luce Free,040164ESVFL01XXREZEROLUCEFREE000,variabile,12,0.01,€/kWh,180.0,€/anno,,,indeterminata
09609101218,Re-Smart Luce Casa,040164ESVFL01XXRESMARTLUCECASA00,variabile,12,0.0239,€/kWh,96.0,€/anno,,,indeterminata
09609101218,CLEAN HOME EE,040164ESVFL01XXCLEANHOME00000000,variabile,12,0.0248,€/kWh,156.0,€/anno,,,indeterminata
09609101218,Re-Smart Casa Immobiliare,040164ESVFL01XXCASAIMMOBILIARE00,variabile,12,0.0239,€/kWh,156.0,€/anno,,,indeterminata
09609101218,Re-Protetto Luce FIX,040164ESFML00XXReProtettoLuceFIX,fisso,,0.139,€/kWh,144.0,€/anno,,,indeterminata
09609101218,TOTAL HOME EE,040164ESVFL01XXTOTALHOME00000000,variabile,12,0.0181,€/kWh,114.0,€/anno,,,indeterminata
09609101218,Re-Fix Luce Prime,040164ESFML00XXREFIXLUCEPRIME000,fisso,,0.1499,€/kWh,144.0,€/anno,,,indeterminata
09609101218,LINEAR HOME EE,040164ESVFL01XXLINEARHOME0000000,variabile,12,0.0248,€/kWh,114.0,€/anno,,,indeterminata
09609101218,BiLuce Casa,040164ESVFL01XXBILUCECASA0000000,variabile,12,0.0279,€/kWh,108.0,€/anno,,,indeterminata
09609101218,NoStressLuce Casa,040164ESVFL01XXNOSTRESSLUCECASA0,variabile,12,0.0249,€/kWh,114.0,€/anno,,,indeterminata
09067300724,RESILIA FRIENDS POWER,044174ESVFL02XX00000000RESFRIPOW,variabile,12,0.033000,€/kWh,144.000000,€/anno,,,12
03788060048,Domestico Classic P.IVA,028539ESVML01XXREVOCLASSIC00126D,variabile,12,0.02,€/kWh,120,€/anno,,,12
03788060048,Classic Revoluce,028539ESVML01XXREVOCLASSIC00126A,variabile,12,0.02,€/kWh,120,€/anno,,,12
03788060048,ENERGIA ESSENZIALE CASA,028539ESVML01XX0126EEARIAESSCASA,variabile,12,0.02,€/kWh,36,€/anno,,,12
09788660968,CASA-STANDARD,028754ESVFL01XX00RECPUNACASA2026,variabile,12,0.024200,€/kWh,189.600000,€/anno,1,500000,12
09788660968,privati-over-70,028754ESVFL01XX00RECPUNACO702026,variabile,12,0.024200,€/kWh,120,€/anno,1,500000,12
03882060712,PUN_ENERGIA DI CASA,030505ESVFL02XX000000000CASABACK,variabile,12,0.009900,€/kWh,78.000000,€/anno,,,12
03882060712,PUNZERO,030505ESVFL02XX0000000000PUNZERO,variabile,12,0.000000,€/kWh,240.000000,€/anno,,4000,12
03882060712,LUCEPUN04__DOM,030505ESVFL08XX000000000000E1010,variabile,12,0.055000,€/kWh,144.000000,€/anno,,,12
03882060712,LUCE_PUN27_DOM,030505ESVFL04XX000000000000PUN27,variabile,12,0.029700,€/kWh,90.000000,€/anno,,,12
03882060712,LUCEPUN10_DOM,030505ESVFL09XX000000000000E1010,variabile,12,0.020900,€/kWh,120.000000,€/anno,,,12
03882060712,PUNMOR_10,030505ESVOL04XX000000000PUNMOR10,variabile,12,0.110000,€/kWh,240.000000,€/anno,,,12
03882060712,FIX2311_DOM,030505ESFML02XX0000000000FIX2311,fisso,,0.253000,€/kWh,168.000000,€/anno,,6000,12
03882060712,PUNMOR_06,030505ESVOL02XX000000000PUNMOR06,variabile,12,0.066000,€/kWh,168.000000,€/anno,,,12
03882060712,PUNMOR_07,030505ESVOL03XX000000000PUNMOR07,variabile,12,0.077000,€/kWh,192.000000,€/anno,,,12
02452390509,EXECUTIVE POWER DOM,038257ESVFL06XX00DOMESTICOFACILE,variabile,12,0.016500,€/kWh,36.000000,€/anno,,,12
02452390509,REAL POWER DOM,038257ESVFL04XX00000REALPOWERDOM,variabile,12,0.022000,€/kWh,36.000000,€/anno,,,12
02452390509,SICURA POWER DOM,038257ESFML10XX000SICURAPOWERDOM,fisso,,0.178200,€/kWh,36.000000,€/anno,,,12
02452390509,SICURA POWER DOM,038257ESFML13XX000SICURAPOWERDOM,fisso,,0.140800,€/kWh,36.000000,€/anno,,,12
02452390509,MATCH POWER DOM,038257ESVFL04XX0000MATCHPOWERDOM,variabile,12,0.013200,€/kWh,36.000000,€/anno,,,12
02452390509,LAST CALL POWER DOM,038257ESVFL03XX0LASTCALLPOWERDOM,variabile,12,0.011000,€/kWh,36.000000,€/anno,,,12
02452390509,REAL POWER DOM,038257ESVFL03XX00000REALPOWERDOM,variabile,12,0.022000,€/kWh,36.000000,€/anno,,,12
02452390509,AMICI POWER DOM,038257ESVFL02XX0000AMICIPOWERDOM,variabile,12,0.013200,€/kWh,36.000000,€/anno,,,12
02452390509,LIGHT POWER DOM,038257ESVFL02XX0000LIGHTPOWERDOM,variabile,12,0.016500,€/kWh,36.000000,€/anno,,,12
02452390509,REAL POWER DOM GREEN,038257ESVFL02XX00000REALPOWERDOM,variabile,12,0.024750,€/kWh,36.000000,€/anno,,,12
02452390509,PREMIUM POWER DOM GREEN,038257ESVFL04XX00000PREMIUMDOMEE,variabile,12,0.002750,€/kWh,36.000000,€/anno,,,12
02452390509,SICURA POWER DOM,038257ESFML06XX000SICURAPOWERDOM,fisso,,0.163900,€/kWh,36.000000,€/anno,,,12
02452390509,SERENA POWER DOM,038257ESVFL03XX000SERENAPOWERDOM,variabile,12,0.022000,€/kWh,144.000000,€/anno,,,12
02452390509,SICURA POWER DOM,038257ESFML03XX00000EASYPOWERDOM,fisso,,0.192500,€/kWh,36.000000,€/anno,,,12
02452390509,LIGHT POWER DOM,038257ESVFL01XX0000LIGHTPOWERDOM,variabile,12,0.016500,€/kWh,36.000000,€/anno,,,12
02452390509,CHIARA POWER DOM,038257ESVFL04XX000CHIARAPOWERDOM,variabile,12,0.022000,€/kWh,36.000000,€/anno,,,12
02452390509,CHIARA POWER DOM,038257ESVFL07XX000CHIARAPOWERDOM,variabile,12,0.022000,€/kWh,36.000000,€/anno,,,12
02452390509,TOP POWER DOM MONO,038257ESVML02XX0000TOPOWERDOMONO,variabile,12,0.011000,€/kWh,36.000000,€/anno,,,12
02452390509,SICURA POWER DOM GREEN,038257ESFML14XXSICURAPOWERDOMGRE,fisso,,0.141900,€/kWh,36.000000,€/anno,,,12
02452390509,PREMIUM POWER DOM,038257ESVFL06XX00000PREMIUMDOMEE,variabile,12,0.000000,€/kWh,36.000000,€/anno,,,12
02452390509,CHIARA POWER DOM GREEN,038257ESVFL05XX000CHIARAPOWERDOM,variabile,12,0.024750,€/kWh,36.000000,€/anno,,,12
02452390509,SICURA POWER DOM GREEN,038257ESFML07XX000SICURAPOWERDOM,fisso,,0.166650,€/kWh,36.000000,€/anno,,,12
02452390509,SICURA ENER DOM GREEN,038257ESFML06XX0000SICURAENERDOM,fisso,,0.166650,€/kWh,36.000000,€/anno,,,12
02452390509,SICURA ENER DOM,038257ESFML05XX0000SICURAENERDOM,fisso,,0.163900,€/kWh,36.000000,€/anno,,,12
02452390509,SICURA ENER DOM,038257ESFML09XX0000SICURAENERDOM,fisso,,0.178200,€/kWh,36.000000,€/anno,,,12
02452390509,SERENA POWER DOM,038257ESVFL04XX000SERENAPOWERDOM,variabile,12,0.022000,€/kWh,144.000000,€/anno,,,12
02452390509,SERENA POWER DOM,038257ESVFL02XX000SERENAPOWERDOM,variabile,12,0.000000,€/kWh,240.000000,€/anno,,,12
02452390509,REAL POWER DOM,038257ESVFL01XX00000REALPOWERDOM,variabile,12,0.022000,€/kWh,36.000000,€/anno,,,12
02452390509,SICURA ENER DOM,038257ESFML04XX0000SICURAENERDOM,fisso,,0.152900,€/kWh,36.000000,€/anno,,,12
02452390509,AMICI TEMPOCASA POWER DOM,038257ESVFL09XXTEMPOCASAPOWERDOM,variabile,12,0.016500,€/kWh,36.000000,€/anno,,,12
02452390509,SICURA POWER DOM,038257ESFML05XX000SICURAPOWERDOM,fisso,,0.152900,€/kWh,36.000000,€/anno,,,12
02452390509,SERENA POWER DOM,038257ESVFL06XX000SERENAPOWERDOM,variabile,12,0.022000,€/kWh,36.000000,€/anno,,,12
02452390509,EXECUTIVE POWER DOM,038257ESVFL04XX00DOMESTICOFACILE,variabile,12,0.016500,€/kWh,36.000000,€/anno,,,12
02452390509,SICURA ENER DOM,038257ESFML10XX0000SICURAENERDOM,fisso,,0.140800,€/kWh,36.000000,€/anno,,,12
02452390509,SICURA POWER DOM,038257ESFML11XX000SICURAPOWERDOM,fisso,,0.140800,€/kWh,36.000000,€/anno,,,12
02452390509,PREMIUM POWER DOM,038257ESVFL03XX00000PREMIUMDOMEE,variabile,12,0.000000,€/kWh,36.000000,€/anno,,,12
02452390509,AMICI POWER DOM,038257ESVFL01XX0000AMICIPOWERDOM,variabile,12,0.013200,€/kWh,36.000000,€/anno,,,12
02452390509,MATCH POWER DOM,038257ESVFL03XX0000MATCHPOWERDOM,variabile,12,0.013200,€/kWh,36.000000,€/anno,,,12
02452390509,SICURA ENER DOM GREEN,038257ESFML08XX0000SICURAENERDOM,fisso,,0.180950,€/kWh,36.000000,€/anno,,,12
02452390509,SERENA POWER DOM,038257ESVFL05XX000SERENAPOWERDOM,variabile,12,0.022000,€/kWh,36.000000,€/anno,,,12
02452390509,EXECUTIVE POWER DOM,038257ESVFL05XX00DOMESTICOFACILE,variabile,12,0.016500,€/kWh,36.000000,€/anno,,,12
02452390509,PREMIUM POWER DOM,038257ESVFL01XX00PREMIUMPOWERDOM,variabile,12,0.027500,€/kWh,142.800000,€/anno,,,12
02452390509,TOP POWER DOM MONO,038257ESVML01XX0000TOPOWERDOMONO,variabile,12,0.011000,€/kWh,36.000000,€/anno,,,12
02452390509,PREMIUM POWER DOM,038257ESVFL02XX00PREMIUMPOWERDOM,variabile,12,0.022000,€/kWh,36.000000,€/anno,,,12
02452390509,SICURA POWER DOM GREEN,038257ESFML09XX000SICURAPOWERDOM,fisso,,0.180950,€/kWh,36.000000,€/anno,,,12
02452390509,PREMIUM POWER DOM,038257ESVFL05XX00000PREMIUMDOMEE,variabile,12,0.000000,€/kWh,36.000000,€/anno,,,12
02452390509,CHIARA POWER DOM,038257ESVFL06XX000CHIARAPOWERDOM,variabile,12,0.022000,€/kWh,36.000000,€/anno,,,12
05378500754,DEDICATA COMUNE,042649ESVFL09XX00000000000002025,variabile,12,0.010978/0.010780,€/kWh,36.000000,€/anno,,,12
05378500754,SEP ZERO PENSIERI,042649ESVFL01XX00000000000073026,variabile,12,0.077000,€/kWh,36.000000,€/anno,,2500,12
05955810659,"PUN+0,03",036315ESVFL01XX_S003_MERC_LIBERO,variabile,12,0.033,€/kWh,120,€/anno,,,indeterminata
01884540467,Canone Zero Simple SDD,000453ESFML01XX44657CanoneXZeMIE,fisso,,0.179300,€/kWh,312.879960,€/anno,,,12
01884540467,Segno-V-Luce Flex,000453ESVFL01XX44813SegnoXVXLSEV,variabile,12,0.009900,€/kWh,120.000000,€/anno,,,12
01884540467,Canone Zero Green Dinamica Prime,000453ESVFL01XX44520CanoneXZeJEN,variabile,12,0.065560,€/kWh,306.000000,€/anno,,,indeterminata
01884540467,Segno-V-Luce,000453ESVFL01XX44814SegnoXVXLSEV,variabile,12,0.005500,€/kWh,96.000000,€/anno,,,12
01884540467,CASA LUCE FISSA,000453ESFML01XX44777CASAXLUCESEV,fisso,,0.152350,€/kWh,180.000000,€/anno,,,24
01884540467,Segno-V-Luce Fix,000453ESFML01XX44781SegnoXVXLSEV,fisso,,0.170500,€/kWh,180.000000,€/anno,,,24
01884540467,CASA SICURA,000453ESFML01XX44774CASAXSICUSEV,fisso,,0.170500,€/kWh,180.000000,€/anno,,,12
01884540467,CIAO CANONE SUPER! LUCE Fissa,000453ESFML01XX44512CIAOXCANOJEN,fisso,,0.162800,€/kWh,231.000000,€/anno,,,24
01884540467,SUPER LUCE FIX,000453ESFML01XX44468SUPERXLUCGIG,fisso,,0.146300,€/kWh,144.000000,€/anno,,,24
01884540467,Segno-V-Luce CipCip,000453ESVML01XX45053SegnoXVXLSEV,variabile,12,0.007700,€/kWh,72.000000,€/anno,,,12
01884540467,CIAO CANONE! LUCE GREEN! Prezzo smart,000453ESVFL01XX44516CIAOXCANOJEN,variabile,12,0.031900,€/kWh,195.000000,€/anno,,,indeterminata
01884540467,CASA DINAMICA,000453ESVFL01XX44809CASAXDINASEV,variabile,12,0.019800,€/kWh,180.000000,€/anno,,,indeterminata
01884540467,Agile Premium,000453ESVFL01XX44796AgileXPreSEV,variabile,12,0.028600,€/kWh,213.960000,€/anno,,,indeterminata
01884540467,Segno-V-Luce CipCip,000453ESVFL01XX45052SegnoXVXLSEV,variabile,12,0.005500,€/kWh,72.000000,€/anno,,,12
01884540467,Segno-V-Luce,000453ESVML01XX44815SegnoXVXLSEV,variabile,12,0.007700,€/kWh,96.000000,€/anno,,,12
01884540467,Canone Zero Simple,000453ESVFL01XX44669CanoneXZeMIE,variabile,12,0.027500,€/kWh,351.879960,€/anno,,,indeterminata
01884540467,CHIARA GREEN FIX,000453ESFML01XX44506CHIARAXGRJEN,fisso,,0.162800,€/kWh,240.000000,€/anno,,,24
01884540467,CHIARISSIMA FIX PERTE,000453ESFML01XX44999CHIARISSITEC,fisso,,0.146300,€/kWh,159.999960,€/anno,,,36
01884540467,OFFERTA MONTINI,000453ESVFL01XX45036OFFERTAXMMIE,variabile,12,0.022000,€/kWh,132.000000,€/anno,,,indeterminata
01884540467,CHIARA FIX,000453ESFML01XX44775CHIARAXFISEV,fisso,,0.146300,€/kWh,240.000000,€/anno,,,24
01884540467,CIAO CANONE! LUCE GREEN! Prezzo fisso,000453ESFML01XX44504CIAOXCANOJEN,fisso,,0.162800,€/kWh,195.000000,€/anno,,,24
01884540467,OFFERTA 10 E LODE GREEN,000453ESVFL01XX44522OFFERTAX1JEN,variabile,12,0.025300,€/kWh,240.000000,€/anno,,,12
01884540467,CASA LUCE VARIABILE,000453ESVFL01XX44806CASAXLUCESEV,variabile,12,0.027500,€/kWh,144.000000,€/anno,,,indeterminata
01884540467,Canone Zero Green Dinamica,000453ESVFL01XX44519CanoneXZeJEN,variabile,12,0.053350,€/kWh,294.000000,€/anno,,,indeterminata
01884540467,Canone Zero Simple SDD,000453ESVFL01XX44670CanoneXZeMIE,variabile,12,0.027500,€/kWh,312.879960,€/anno,,,indeterminata
01884540467,Blufix,000453ESVFL01XX44719BlufixXXXMIO,variabile,12,0.037400,€/kWh,216.000000,€/anno,,,indeterminata
01884540467,Taglia Costante,000453ESFML01XX44382TagliaXCoGES,fisso,,0.151800,€/kWh,180.000000,€/anno,,,24
01884540467,CHIARA FIX,000453ESFML01XX44710CHIARAXFIMIO,fisso,,0.146300,€/kWh,264.000000,€/anno,,,24
01884540467,Canone Zero Simple,000453ESFML01XX44656CanoneXZeMIE,fisso,,0.179300,€/kWh,351.879960,€/anno,,,12
01884540467,OFFERTA 30 E LODE CAP,000453ESVFL01XX44665OFFERTAX3MIE,variabile,12,0.025300,€/kWh,180.000000,€/anno,,,12
01884540467,OFFERTA 10 E LODE,000453ESVFL01XX44808OFFERTAX1SEV,variabile,12,0.025300,€/kWh,240.000000,€/anno,,,12
01884540467,CIAO CANONE SUPER! LUCE Smart,000453ESVFL01XX44533CIAOXCANOJEN,variabile,12,0.031900,€/kWh,231.000000,€/anno,,,indeterminata
01884540467,Segno-V-Luce Relax,000453ESFML01XX44784SegnoXVXLSEV,fisso,,0.170500,€/kWh,144.000000,€/anno,,450,24
01884540467,OFFERTA 30 E LODE MAXI,000453ESVFL01XX44807OFFERTAX3SEV,variabile,12,0.025300,€/kWh,180.000000,€/anno,,,12
01884540467,OFFERTA 30 E LODE,000453ESVFL01XX44716OFFERTAX3MIO,variabile,12,0.025300,€/kWh,180.000000,€/anno,,,12
01884540467,Agile Simple,000453ESVFL01XX44795AgileXSimSEV,variabile,12,0.024200,€/kWh,168.000000,€/anno,,,indeterminata
01884540467,OFFERTA 10 E LODE,000453ESVFL01XX44948OFFERTAX1SPI,variabile,12,0.025300,€/kWh,264.000000,€/anno,,,12
01884540467,Agile Flex,000453ESVFL01XX44797AgileXFleSEV,variabile,12,0.024200,€/kWh,138.000000,€/anno,,,12
01884540467,OFFERTA MONTINI ONENET,000453ESVFL01XX45037OFFERTAXMMIE,variabile,12,0.022000,€/kWh,156.000000,€/anno,,,indeterminata
01884540467,Sicura,000453ESFML01XX44770SicuraXXXSEV,fisso,,0.146300,€/kWh,291.960000,€/anno,,,24
01884540467,CHIARISSIMA FIX,000453ESFML01XX44773CHIARISSISEV,fisso,,0.146300,€/kWh,180.000000,€/anno,,,36
01884540467,Segno-V-Luce SmartX,000453ESFML01XX44782SegnoXVXLSEV,fisso,,0.167200,€/kWh,150.000000,€/anno,,,1
01884540467,Segno-V-Luce Facilissima,000453ESFML01XX44783SegnoXVXLSEV,fisso,,0.167200,€/kWh,150.000000,€/anno,,,1
01884540467,CHIARA GREEN PLUS,000453ESFML01XX44507CHIARAXGRJEN,fisso,,0.162800,€/kWh,192.000000,€/anno,,,24
01884540467,OFFERTA 30 E LODE PERTE MAXI,000453ESVFL01XX45004OFFERTAX3TEC,variabile,12,0.025300,€/kWh,159.999960,€/anno,,,12
01884540467,SUPER LUCE VARIABILE,000453ESVFL01XX44469SUPERXLUCGIG,variabile,12,0.016500,€/kWh,144.000000,€/anno,,,indeterminata
01541700769,SEI BENVENUTO CASA,000758ESVFL01XXBENVENUTOCASA426F,variabile,01,0.022000,€/kWh,69.172100,€/anno,,,indeterminata
01541700769,SEI BENVENUTO CASA,000758ESVML01XXBENVENUTOCASA426M,variabile,01,0.038500,€/kWh,69.172100,€/anno,,,indeterminata
01541700769,SEI CLIENTE STORICO CASA,000758ESVML01XXCLSTORICOCASA426M,variabile,01,0.033000,€/kWh,63.172100,€/anno,,,indeterminata
01541700769,SEI CLIENTE STORICO CASA,000758ESVFL01XXCLSTORICOCASA426F,variabile,01,0.019800,€/kWh,63.172100,€/anno,,,indeterminata
02319210213,Paul-BONUS,001140ESVFL01XXPAUL26DOMTRIOBONI,variabile,12,0.000000,€/kWh,156.000000,€/anno,,,indeterminata
02319210213,Diego,001140ESVML01XXDIEGO26DOMMONOREE,variabile,12,0.011000,€/kWh,132.000000,€/anno,,,indeterminata
02319210213,Paul,001140ESVFL01XXPAUL26DOMTRIORSEE,variabile,12,0.000000,€/kWh,156.000000,€/anno,,,indeterminata
02319210213,Diego-BONUS,001140ESVML01XXDIEGO26DOMMONBONI,variabile,12,0.011000,€/kWh,132.000000,€/anno,,,indeterminata
02374500599,SEMPLICE LUCE,028159ESVFL68XXSLUCEDOM042026PUN,variabile,12,0.033,€/kWh,120,€/anno,,,12
02374500599,SEMPLICE LUCE,028159ESVFL68XXSLDOM042026PUNWEB,variabile,12,0.033,€/kWh,84,€/anno,,,12
02374500599,SEMPLICE LUCE,028159ESVFL68XXSLUCEDOM062026PUN,variabile,12,0.03,€/kWh,121.5,€/anno,,,12
14817591002,SENEC CLOUD DYNAMIC HOME,028185ESVFL02XXDYNAMIC00DOMESTIC,variabile,12,0.090000,€/kWh,0,€/anno,,,12
12657501008,ENERGIA RELAX CASA - PUNAEPRC10098,022326ESVML01XX00SECPUNAEPRC0098,variabile,12,0.04003,€/kWh,156.0000,€/anno,,,indeterminata
12657501008,SMART LUCE CASA - PUNASLC10098,022326ESVML01XX00SECPUNASLC10098,variabile,12,0.033000,€/kWh,96.000000,€/anno,,,12
12657501008,EASY POINT LUCE CASA - PUNAEPLC0098,022326ESVML01XX00SECPUNAEPLC0098,variabile,12,0.039600,€/kWh,139.800000,€/anno,,,12
12657501008,ENERGIA ANNO SICURO - FISAEASC0098,022326ESFML01XX00SECFISAEASC0098,fisso,,0.172700,€/kWh,147.000000,€/anno,,,12
12657501008,WEB PROMO LUCE - WPL30027,022326ESVML01XX00SECPUNAWPL30027,variabile,12,0.027500,€/kWh,132.000000,€/anno,,,12
03916040656,SEV BONUS 60 LUCE,001060ESVFL08XX000SEDOSLSB260611,variabile,12,0.027500,€/kWh,144.000,€/anno,,,12
03916040656,SEV IREN SMALL LUCE,001060ESVFL47XX000SEDOISMP260611,variabile,12,0.027500,€/kWh,144.000,€/anno,,,24
03916040656,SEV IREN MEDIUM LUCE,001060ESVFL47XX000SEDOIMLP260611,variabile,12,0.049500,€/kWh,169.000,€/anno,,,24
03916040656,SEV IREN LARGE LUCE,001060ESVFL47XX000SEDOILLP260611,variabile,12,0.049500,€/kWh,169.000,€/anno,,,24
03916040656,SEV FULL ENERGY LUCE WEB 30,001060ESVFL44XX000SEDOFEW3260611,variabile,12,0.049500,€/kWh,169.000,€/anno,,,12
03916040656,SEV TUTELA LIBERA LUCE,001060ESVFL20XX000SEDOSTLL260611,variabile,12,0.000000,€/kWh,69.72,€/anno,,,12
03916040656,SEV FULL ENERGY LUCE WEB 100,001060ESVFL44XX000SEDOFELW260611,variabile,12,0.049500,€/kWh,169.000,€/anno,,,36
03916040656,SEV FULL ENERGY LUCE Special Edition,001060ESVFL19XX000SEDOFLSE260611,variabile,12,0.027500,€/kWh,144.000,€/anno,,,36
03916040656,SEV IREN REVOLUTION SALUTE LUCE VARIABILE,001060ESVFL09XX000SEDORSLV260611,variabile,12,0.033000,€/kWh,162.000,€/anno,,,24
03916040656,SEV SUMMER LUCE,001060ESVFL01XX000SEDOLSSL260710,variabile,12,0.000000,€/kWh,119.00,€/anno,,,12
03916040656,SEV IREN BONUS 100 LUCE,001060ESVFL04XX000SEDOBBCL260611,variabile,12,0.027500,€/kWh,200.000,€/anno,,,12
03916040656,SEV IREN LUCE CONNETTIVITA,001060ESVFL04XX000SEDOSILC260611,variabile,12,0.035000,€/kWh,169.000,€/anno,,,24
03916040656,SEV 13x12 PREZZO FISSO LUCE,001060ESFML02XX000SEDOTTPF260623,fisso,,0.130000,€/kWh,144.000,€/anno,,,12
03916040656,SEV IREN QUICK LUCE,001060ESFML12XX000SEDOQQFL260623,fisso,,0.135000,€/kWh,147.000,€/anno,,,12
03916040656,SEV IREN FISSO 36 SUMMER EDITION LUCE,001060ESFML02XX000SEDOLEES260623,fisso,,0.101200,€/kWh,147.000,€/anno,0,4000,36
03747710964,DOMESTICOEESTART386,000255ESVFL01XXSGM2026000000010B,variabile,01,0.018,€/kWh,120,€/anno,100,10000,12
00338000409,GIUSTA LUCE ESCLUSIVA,000039ESVFL01XXGESE1001261260401,variabile,12,0.045000,€/kWh,144.000000,€/anno,,,24
00338000409,PREMIUM 5 LUCE,000039ESVOL01XXPR5E1002261260401,variabile,12,0.030000,€/kWh,126.000000,€/anno,,,60
00338000409,FUTURA 24 LUCE MONO,000039ESFML01XXFURE10M2261260401,fisso,,0.149000,€/kWh,144.000000,€/anno,,,24
00338000409,GIUSTA LUCE BIORARIA,000039ESVFL01XXGIUE10B1261260401,variabile,12,0.045000,€/kWh,144.000000,€/anno,,,12
00338000409,REALE LUCE DOMESTICA,000039ESVOL01XXREAE1001261260401,variabile,12,0.020000,€/kWh,144.000000,€/anno,,,24
00338000409,DINAMICA LUCE MONORARIA,000039ESVML01XXDINE1001261260401,variabile,12,0.045000,€/kWh,144.000000,€/anno,,,24
00338000409,CLICK WEB 24 LUCE,000039ESFML01XXCLCE1001261260430,fisso,,0.149000,€/kWh,144.000000,€/anno,,,24
08162780723,ENERGIA ONLINE FLEX,027870ESVML03XXENERGIAONLINEFLEX,variabile,12,0.026400,€/kWh,132.000000,€/anno,,,12
08162780723,ENERGIA ONLINE FLEX,027870ESVML01XXENERGIAONLINEFLEX,variabile,12,0.016500,€/kWh,12.000000,€/anno,,,12
08162780723,WEBSPECIAL,027870ESVML01XX0000000WEBSPECIAL,variabile,12,0.011000,€/kWh,108.000000,€/anno,,,12
01495220475,LUCE INDEX CASA,000075ESVFL01XX00000020260401LIC,variabile,12,0.022000,€/kWh,144.000000,€/anno,,,indeterminata
01495220475,LUCE FIX CASA WEB,000075ESFML01XX00020260401LFCWEB,fisso,,0.192500,€/kWh,120.000000,€/anno,,,indeterminata
01495220475,LUCE FIX CASA SWITCH,000075ESFML01XX0000020260401LFCS,fisso,,0.192500,€/kWh,144.000000,€/anno,,,indeterminata
01495220475,LUCE INDEX CASA SWITCH,000075ESVFL01XX0000020260401LICS,variabile,12,0.022000,€/kWh,120.000000,€/anno,,,indeterminata
01495220475,LUCE INDEX CASA WEB,000075ESVFL01XX00020260401LICWEB,variabile,12,0.022000,€/kWh,120.000000,€/anno,,,indeterminata
01274520194,Simecom ZERO RISCHI Casa,000224ESVFL01XXNV2603EDRZRS3FA00,variabile,01,0.01970,€/kWh,132.0,€/anno,,,indeterminata
01274520194,SIMECOM SOS BEE,000224ESVFL01XXNV2603EDSPUN3FA00,variabile,01,0.01970,€/kWh,132.0,€/anno,,,indeterminata
01274520194,Simecom EASY CLICK Casa,000224ESVFL01XXNV2603EDWPUN3FA00,variabile,01,0.01070,€/kWh,120.0,€/anno,,,indeterminata
01274520194,Simecom PREZZO CHIARO Casa,000224ESFML01XXEDRFIX3F260601A00,fisso,,0.1511/0.1621/0.1423,€/kWh,105.0,€/anno,,,24
01274520194,Simecom SEGUIMI Casa,000224ESVFL01XXNV2603EDRPUN3FA00,variabile,01,0.01970,€/kWh,105.0,€/anno,,,indeterminata
01274520194,Simecom LED Casa,000224ESVFL01XXNV2603EDJLED3FA00,variabile,01,0.01970,€/kWh,144.0,€/anno,,,indeterminata
01877220366,PIU' LEGGERA LUCE 24,000753ESVFL06XXP0125PB3278260608,variabile,12,0.02189,€/kWh,144,€/anno,,,indeterminata
01877220366,RISPARMIO CHIARO LUCE,000753ESVFL05XXP0099PB3249260522,variabile,12,0.02409,€/kWh,144,€/anno,,,indeterminata
01877220366,SERENA LUCE CASA,000753ESFML05XXP0123PB3234260522,fisso,,0.1529,€/kWh,96,€/anno,,,indeterminata
01877220366,ALL DAY WEB LUCE,000753ESFML06XXP0114PB3280260604,fisso,,0.131,€/kWh,96,€/anno,,,indeterminata
01877220366,ENERGIA PIU' VICINA LUCE - BIO,000753ESVFL05XXP0095PB3247260522,variabile,12,0.01419,€/kWh,144,€/anno,,,indeterminata
01877220366,PIU' SOLIDALE LUCE,000753ESVFL05XXP0098PB3250260522,variabile,12,0.01419,€/kWh,144,€/anno,,,indeterminata
01877220366,FACILE LUCE CASA PROMO,000753ESVFL05XXP0097PB3251260522,variabile,12,0.01419,€/kWh,144,€/anno,,,indeterminata
01877220366,ENERGIA PIU' VICINA LUCE - MONO,000753ESVML05XXP0096PB3248260522,variabile,12,0.0495,€/kWh,60,€/anno,,,indeterminata
01877220366,BIENNALE LUCE CASA,000753ESFML05XXP0094PB3252260522,fisso,,0.1649,€/kWh,144,€/anno,,,indeterminata
05347980657,Luce Flex Domestico,042668ESVFL01XX00000000000029671,variabile,12,0.0242,€/kWh,108,€/anno,,,12
08350180728,PORTA UN AMICO 2026,030315ESVFL03XX0PORTAUNAMICO2126,variabile,12,0.015400/0.014300,€/kWh,36.000000,€/anno,,,99
08350180728,POWER AMICI DELL'ARMA 2026,030315ESVFL03XXPOWERAMICIDELLA26,variabile,12,0.027500,€/kWh,36.000000,€/anno,,,99
08350180728,PUN10CONSUMER 2026,030315ESVFL04XX0000PUN10CONSUM26,variabile,12,0.011000,€/kWh,36.000000,€/anno,,,99
08350180728,PAN POWER CONSUMER2 2026,030315ESVFL02XXPANPOWERCONSUMER6,variabile,12,0.024200,€/kWh,36.000000,€/anno,,,99
08350180728,AMICI EE DOMESTICO 2026,030315ESVFL04XXAMICIEEDOMESTIC26,variabile,12,0.044000,€/kWh,36.000000,€/anno,,,99
08350180728,PAN POWER CONSUMER1 2026,030315ESVFL04XXPANPRCONSUMER2026,variabile,12,0.024200,€/kWh,36.000000,€/anno,,,99
08350180728,LUCE CASA FLEX LIBERA 2026,030315ESVFL02XXLUCECASAFLESLIBBR,variabile,12,0.011000,€/kWh,36.000000,€/anno,,,12
01073430777,CARPE DIEM POWER,000839ESVFL01XXCARPEDIEMPOWERORA,variabile,12,0.0088,€/kWh,40,€/anno,0,0,indeterminata
04361970405,ENERGIA FLEX CASA,029559ESVOL01XXEPWRX000000001140,variabile,12,0.022000,€/kWh,96.000000,€/anno,,,indeterminata
04361970405,ENERGIA PER LA CASA FLEX,029559ESVOL01XXEPWRX000000000905,variabile,12,0.027500,€/kWh,96.000000,€/anno,,,indeterminata
01731410443,GIUSTA ESCLUSIVA LUCE,001346ESVFL01XXGESE1001261260401,variabile,12,0.045000,€/kWh,144.000000,€/anno,,,24
01731410443,DINAMICA LUCE,001346ESVML01XXDINE1001261260401,variabile,12,0.045000,€/kWh,144.000000,€/anno,,,24
01731410443,FUTURA 24 LUCE MONO,001346ESFML01XXFURE10M2261260401,fisso,,0.163900,€/kWh,144.000000,€/anno,,,24
01731410443,REALE LUCE DOMESTICA,001346ESVOL01XXREAE1001261260401,variabile,12,0.020000,€/kWh,144.000000,€/anno,,,24
01731410443,GIUSTA LUCE BIORARIA,001346ESVFL01XXGIUE10B1261260401,variabile,12,0.045000,€/kWh,144.000000,€/anno,,,12
07214461217,PEE202604CAFF0001,036052ESVFL01XXPEE202604CAFF0001,variabile,12,0.064000,€/kWh,250.000000,€/anno,,,indeterminata
07214461217,PEE202604CAFF0003,036052ESVFL01XXPEE202604CAFF0003,variabile,12,0.064000,€/kWh,180.000000,€/anno,,,indeterminata
07214461217,PEE202604PLUG0003,036052ESVFL01XXPEE202604PLUG0003,variabile,12,0.064000,€/kWh,180.000000,€/anno,,,indeterminata
07214461217,PEE202604PLUG0001,036052ESVFL01XXPEE202604PLUG0001,variabile,12,0.064000,€/kWh,250.000000,€/anno,,,indeterminata
07214461217,PAU202604PLUG0004,036052ESVFL01XXPAU202604PLUG0004,variabile,12,0.036000,€/kWh,120.000000,€/anno,,,indeterminata
07214461217,PAU202604PLUG0002,036052ESVFL01XXPAU202604PLUG0002,variabile,12,0.036000,€/kWh,348.000000,€/anno,,,indeterminata
07214461217,PEE202604CAFF0008,036052ESVFL01XXPEE202604CAFF0008,variabile,12,0.073000,€/kWh,180.000000,€/anno,,,indeterminata
07214461217,PEE202604CAFF0004,036052ESVFL01XXPEE202604CAFF0004,variabile,12,0.036000,€/kWh,120.000000,€/anno,,,indeterminata
07214461217,PAU202604PLUG0008,036052ESVFL01XXPAU202604PLUG0008,variabile,12,0.073000,€/kWh,180.000000,€/anno,,,indeterminata
07214461217,PEE202604CAFF0002,036052ESVFL01XXPEE202604CAFF0002,variabile,12,0.036000,€/kWh,348.000000,€/anno,,,indeterminata
07214461217,PEE202604CAFF0009,036052ESVFL01XXPEE202604CAFF0009,variabile,12,0.000000,€/kWh,240.000000,€/anno,,,indeterminata
07214461217,PEE202604PLUG0001,036052ESVFL01XXPAU202604PLUG0001,variabile,12,0.064000,€/kWh,250.000000,€/anno,,,indeterminata
07214461217,PEE202604PLUG0002,036052ESVFL01XXPEE202604PLUG0002,variabile,12,0.036000,€/kWh,348.000000,€/anno,,,indeterminata
07214461217,PEE202604PLUG0004,036052ESVFL01XXPEE202604PLUG0004,variabile,12,0.036000,€/kWh,120.000000,€/anno,,,indeterminata
07214461217,PAU202604PLUG0003,036052ESVFL01XXPAU202604PLUG0003,variabile,12,0.064000,€/kWh,180.000000,€/anno,,,indeterminata
07214461217,PEE202604PLUG0008,036052ESVFL01XXPEE202604PLUG0008,variabile,12,0.072700,€/kWh,180.000000,€/anno,,,indeterminata
02430860441,SUNITALY Variabile Domestico Green Energy,035699ESVFL01XXENERCASAVARV26POB,variabile,12,0.007084,€/kWh,120,€/anno,,,12
02430860441,SUNITALY Variabile Domestico Green Energy,035699ESVFL01XXENERCASAVAR225POB,variabile,12,0.007084,€/kWh,120,€/anno,,,12
15184331005,LIBECCIO - 2023,029426ESVFL05XX000000LD20210101V,variabile,12,0.022000,€/kWh,60.000000,€/anno,,,12
03774020402,SACFAMIGLIAEE062025,041936ESVFL01XXSACFAMIGLIAEE0126,variabile,12,0.021800,€/kWh,144.000000,€/anno,,,indeterminata
03774020402,SACFAMIGLIAEE062025,041936ESVFL01XXSACFAMIGLIAEEAG26,variabile,12,0.021800,€/kWh,144.000000,€/anno,,,indeterminata
11796930011,SE_EE_PUN_DOM_WEB - Pun Domestico,027091ESVFL04XX2026DOMFAMILYWEBX,variabile,12,0.055000,€/kWh,456.000000,€/anno,,,12
11796930011,SE_EE_PUN_DOM_CS WEB - Pun Domestico Logicard,027091ESVFL04XX2026DOMSICURAWEBX,variabile,12,0.050000,€/kWh,456.000000,€/anno,,,12
01917670497,EE FIXA 144.12,028720ESFML01XX1000000000SFEE108,fisso,,0.144000,€/kWh,144.000000,€/anno,,,12
02355520640,VALORE,000035ESVFL01XXDOMESTICIVALORE26,variabile,12,0.025,€/kWh,60.00,€/anno,,,indeterminata
02355520640,VALORE,000035ESVOL01XXDOMESTICIVALORE26,variabile,12,0.025,€/kWh,60.00,€/anno,,,indeterminata
02355520640,PUNTIAMO,000035ESVOL01XXDOMESTICIPUNTIAMO,variabile,12,0.030,€/kWh,43.50,€/anno,,,indeterminata
09892761215,UNICALUCE,037617ESVML04XX00000000UNICALUCE,variabile,12,0.033000,€/kWh,118.800000,€/anno,,,99
09892761215,UNICA STELLA,037617ESVML04XX000000UNICASTELLA,variabile,12,0.022000,€/kWh,96.000000,€/anno,,,99
09892761215,FLEXYLUCE,037617ESVML03XX00000000FLEXYLUCE,variabile,12,0.034100,€/kWh,154.800000,€/anno,,,99
09892761215,SIRIO FLEX,037617ESVML04XX00000000SIRIOFLEX,variabile,12,0.022000,€/kWh,144.000000,€/anno,,,24
01721750212,EVG DOMESTICO,003373ESVFL01XXEVGDOM00000000000,variabile,12,0.006000,€/kWh,80.00,€/anno,0,999999,12
02398470977,EE144HOME145,026837ESFML01XX00000EE144HOME145,fisso,,0.159500,€/kWh,144.000000,€/anno,,,6
01238661217,SNIE FLEX_1,000548ESVFL01XXSNIESF1EE080726PS,variabile,12,0.0185,€/kWh,121.2,€/anno,,,12
02242850341,SCG LUCE HOME 2026 B,000024ESVFL01XXSCGEEHOME2026BXXX,variabile,08,0.017600,€/kWh,150.000000,€/anno,,,12
02242850341,SCG Luce Home 2026A,000024ESVFL01XXSCGEEHOME2026AXXX,variabile,08,0.027500,€/kWh,120.000000,€/anno,,,12
02242850341,Socoplus Luce Home 2025 B PLUS,000024ESVFL01XXSCGEEHOME26BPLUSX,variabile,08,0.017600,€/kWh,150.000000,€/anno,,,12
02242850341,SCG HOME GREEN 2026,000024ESVFL01XXSOCOEEHOMEGREEN26,variabile,08,0.019800,€/kWh,150.000000,€/anno,,,12
02242850341,Socoplus Luce Home 2025 C,000024ESVFL01XXSCGEEHOME2026CXXX,variabile,08,0.016500,€/kWh,120.000000,€/anno,,,12
02073990976,PMIVarSmall2409,039679ESVFL00XXPMIVarSmall240900,variabile,12,0.049,€/kWh,120,€/anno,,,99
02073990976,CasaVarTop2409,039679ESVFL00XXCasaVarTop2409000,variabile,12,0.052,€/kWh,120.000000,€/anno,,,99
02073990976,CasaVarSmall2409,039679ESVFL00XXCasaVarSmall24090,variabile,12,0.046,€/kWh,108.000000,€/anno,,,99
02073990976,PMIVarTop2409,039679ESVFL00XXPMIVarTop24090000,variabile,12,0.053,€/kWh,120,€/anno,,,99
07569201218,NEW SWITCH LUCE CASA RID V03,035715ESVFL01XXNSLCRV01052025V03,variabile,12,0.033000,€/kWh,480.000000,€/anno,,,99
07569201218,NEW SWITCH LUCE CASA BP V05,035715ESVFL01XXNESWLCBP052025V05,variabile,12,0.055000,€/kWh,720.000000,€/anno,,,99
06029650659,VAR ENERGIA Q7 DOM,037080ESVFL01XXXXEEXXQUOT7DOMX26,variabile,12,0.027500,€/kWh,84.000000,€/anno,,25000,indeterminata
06029650659,FISSO ENERGIA DOM,037080ESFML05XXXEEXFISSOXXDOMX26,fisso,,0.148500,€/kWh,144.000000,€/anno,,30000,12
06029650659,VAR ENERGIA DOM,037080ESVFL44XXXXEEXXVARXXDOMX26,variabile,12,0.016500,€/kWh,120.000000,€/anno,,30000,indeterminata
06029650659,VAR ENERGIA Q7,037080ESVFL08XXXXEEXXQUOT7DOMX25,variabile,12,0.033000,€/kWh,84.000000,€/anno,,,indeterminata
06029650659,VAR ENERGIA DOMESTICO,037080ESVFL08XXxxEExxVARXXDOMX25,variabile,12,0.016500,€/kWh,120.000000,€/anno,,,indeterminata
06029650659,VAR ENERGIA DOM,037080ESVFL01XXxxEExxVARXXDOMX26,variabile,12,0.016500,€/kWh,120.000000,€/anno,,30000,indeterminata
06029650659,VAR ENERGIA DOM,037080ESVFL04XXXXEEXXVARXXDOMX26,variabile,12,0.016500,€/kWh,120.000000,€/anno,,30000,indeterminata
06029650659,VAR ENERGIA DOM,037080ESVFL02XXxxEExxVARXXDOMX26,variabile,12,0.016500,€/kWh,120.000000,€/anno,,30000,indeterminata
06029650659,VAR ENERGIA Q7 AU,037080ESVFL02XXXXEEXXQUOT7XAUX26,variabile,12,0.027500,€/kWh,84.000000,€/anno,,25000,indeterminata
06029650659,VAR ENERGIA Q7 DOM,037080ESVFL44XXXXEEXXQUOT7DOMX26,variabile,12,0.027500,€/kWh,84.000000,€/anno,,25000,indeterminata
06029650659,VAR ENERGIA Q7 DOM,037080ESVFL09XXXXEEXXQUOT7DOMX25,variabile,12,0.033000,€/kWh,84.000000,€/anno,,,indeterminata
06029650659,VAR ENERGIA Q7 DOM,037080ESVFL04XXXXEEXXQUOT7DOMX26,variabile,12,0.027500,€/kWh,84.000000,€/anno,,25000,indeterminata
06029650659,VAR ENERGIA Q7 DOM,037080ESVFL02XXXXEEXXQUOT7DOMX26,variabile,12,0.027500,€/kWh,84.000000,€/anno,,25000,indeterminata
08654320723,CONVENZIONE ALI - LUCE,037622ESVOL05XX037622ESVOL01XX00,variabile,12,0.000000,€/kWh,66.000000,€/anno,,,24
08654320723,SMARTUPBP-LUCE,037622ESVOL21XX00SMARTUPLUCE2026,variabile,12,0.031900,€/kWh,144.000000,€/anno,,,12
08654320723,LIFEUP-POWER,037622ESVOL22XX00LIFEUPPOWER2026,variabile,12,0.022000,€/kWh,144.000000,€/anno,,,12
08654320723,CONVENZIONE GRUPPO CRIF - LUCE,037622ESVOL13XX037622ESVFL01XX00,variabile,12,0.009900,€/kWh,84.000000,€/anno,,,12
08654320723,SMARTUP-LUCE,037622ESVOL20XX00SMARTUPLUCE2026,variabile,12,0.031900,€/kWh,144.000000,€/anno,,,12
08654320723,EASYUP-POWER,037622ESVOL21XX00EASYUPPOWER2026,variabile,12,0.031900,€/kWh,228.000000,€/anno,,,12
08654320723,TRENDUP-LUCE,037622ESVOL20XX00TRENDUPLUCE2026,variabile,12,0.022000,€/kWh,0.110000,€/kWh,2000,4000,12
08654320723,TRENDUP-LUCE,037622ESVOL21XX00TRENDUPLUCE2026,variabile,12,0.038500,€/kWh,360.000000,€/anno,2000,4000,12
08654320723,AMICOUP-LUCE,037622ESVOL12XX037622ESVFL01XX00,variabile,12,0.022000,€/kWh,120.000000,€/anno,,,12
08654320723,SMARTUP-LUCE,037622ESVOL22XX00SMARTUPLUCE2026,variabile,12,0.027500,€/kWh,168.000000,€/anno,,,12
08654320723,EASYUP-POWER,037622ESVOL20XX00EASYUPPOWER2026,variabile,12,0.038500,€/kWh,0.010000,€/kWh,,,12
08654320723,CONVENZIONE DIPENDENTI - LUCE,037622ESVOL03XX0CONVENZIONEDOM26,variabile,12,0.000000,€/kWh,96.000000,€/anno,,,12
02125710208,Energia Adacta (bioraria),001227ESVFL03XX38600002026T47059,variabile,12,0.03133/0.03054,€/kWh,126,€/anno,,,indeterminata
02125710208,Luce Altea SECONDA CASA (bioraria),001227ESVML03XX38600002026T56095,variabile,12,0.08250,€/kWh,72,€/anno,,,indeterminata
02125710208,Energia AlTea (bioraria ONENET),001227ESVFL03XX38600002026T56092,variabile,12,0.03747,€/kWh,174,€/anno,,,indeterminata
02125710208,Tea Zen Luce,001227ESFML08XX38600002026T64041,fisso,,0.1386,€/kWh,192.00,€/anno,1000,1500,indeterminata
02125710208,Tea Zen Luce,001227ESFML08XX38600002026T64042,fisso,,0.1386,€/kWh,192.00,€/anno,1501,2400,indeterminata
02125710208,Energia Certa,001227ESFML09XX38600002026T03099,fisso,,0.159,€/kWh,144.00,€/anno,,,indeterminata
02125710208,Energia Adacta (monoraria),001227ESVML03XX38600002026T47058,variabile,12,0.03079,€/kWh,126,€/anno,,,indeterminata
02125710208,Luce Altea SECONDA CASA (trioraria),001227ESVML03XX38600002026T56096,variabile,12,0.08250,€/kWh,72,€/anno,,,indeterminata
02125710208,Energia Adacta (trioraria),001227ESVFL03XX38600002026T47060,variabile,12,0.03133/0.03452/0.02846,€/kWh,126,€/anno,,,indeterminata
02125710208,Energia AlTea (monoraria),001227ESVML03XX38600002026T56088,variabile,12,0.03747,€/kWh,126,€/anno,,,indeterminata
02125710208,Luce Altea SECONDA CASA (monoraria),001227ESVML03XX38600002026T56094,variabile,12,0.08250,€/kWh,72,€/anno,,,indeterminata
02125710208,Energia AlTea (trioraria),001227ESVFL03XX38600002026T56090,variabile,12,0.03747,€/kWh,126,€/anno,,,indeterminata
02125710208,Energia AlTea (monoraria ONENET),001227ESVML03XX38600002026T56091,variabile,12,0.03747,€/kWh,174,€/anno,,,indeterminata
02125710208,TeaWeb LUCE FLY,001227ESVML03XX38600002026T06060,variabile,12,0.026172,€/kWh,65,€/anno,,,indeterminata
02125710208,Tea Zen Luce,001227ESFML08XX38600002026T64044,fisso,,0.1386,€/kWh,192.00,€/anno,2401,3300,indeterminata
02125710208,TeaWeb LUCE FIX,001227ESFFL08XX38600002026T05074,fisso,,0.14850/0.13200,€/kWh,65.00,€/anno,,,indeterminata
02125710208,Energia AlTea (bioraria),001227ESVFL03XX38600002026T56089,variabile,12,0.03747,€/kWh,126,€/anno,,,indeterminata
02125710208,Tea Zen Luce,001227ESFML08XX38600002026T64043,fisso,,0.1386,€/kWh,192.00,€/anno,2401,3300,indeterminata
02125710208,Energia AlTea (trioraria ONENET),001227ESVFL03XX38600002026T56093,variabile,12,0.03747,€/kWh,174,€/anno,,,indeterminata
02621100219,TELMEKOM HOME,039372ESVFL09XXxTELMEKOMHOME00TD,variabile,12,0.009345,€/kWh,73.231100,€/anno,,,12
03350460543,PUN DOMESTICO MODELLO 318,019773ESVFL01XX0DO0PUN1223000318,variabile,12,0.06,€/kWh,180,€/anno,0,10000,24
03350460543,Casa Semplice,019773ESVFL01XX0DO0PUN0124000160,variabile,12,0.005,€/kWh,60,€/anno,0,100000,24
03350460543,PAGA COME 2023,019773ESVFL01XX0DO0PUN1023000206,variabile,12,0.0,€/kWh,180,€/anno,0,10000,24
03350460543,CASA SUMMER,019773ESVFL01XX0DO0PUN0425000666,variabile,12,0.014,€/kWh,144,€/anno,0,100000,99
03350460543,Casa Green FIX,019773ESFML01XX0DO0FIX1025000669,variabile,12,0.129,€/kWh,60,€/anno,0,100000,24
03350460543,PUN DOM 184,019773ESVFL03XX0DO0PUN0022000184,variabile,12,0.0135,€/kWh,30,€/anno,0,10000,99
03350460543,PUN SMALL 64_23,019773ESVML01XX0AUSPUN0623000064,variabile,12,0.04,€/kWh,30,€/anno,0,10000,24
03350460543,DOM PUN 264,019773ESVML01XX0DO0PUN1022000264,variabile,12,0.016,€/kWh,132,€/anno,0,10000,24
03350460543,PUN DOM 130,019773ESVFL02XX0DO0PUN0022000130,variabile,12,0.032,€/kWh,113,€/anno,0,15000,99
03350460543,Casa Smart EE,019773ESVFL01XX0DO0PUN0825000668,variabile,12,0.007,€/kWh,180,€/anno,0,1000000,99
03350460543,Casa Facile,019773ESVFL01XX0DO0PUN0324000450,variabile,12,0.010,€/kWh,120,€/anno,0,100000,24
03350460543,PUN DOM,019773ESVFL02XX0DO0PUN0022000000,variabile,12,0.019,€/kWh,102,€/anno,0,15000,99
03350460543,CASA SICURA,019773ESVFL01XX0DO0PUN0225000165,variabile,12,0.009,€/kWh,60,€/anno,0,100000,99
03350460543,PUN DOM MODELLO 64_23,019773ESVML01XX0DO0PUN0623000064,variabile,12,0.04,€/kWh,30,€/anno,0,10000,24
03350460543,PUN MEDIUM MODELLO 64_23,019773ESVML01XX0AUMPUN0623000064,variabile,12,0.04,€/kWh,30,€/anno,10001,50000,24
08880021210,DOMUS 10,027278ESVFL01XX2604EELDOMUSTOP10,variabile,12,0.011,€/kWh,84,€/anno,0,0,indeterminata
14169961001,DOMESTICO_EE_WEB_PUN_0426,026487ESVFL01XXEEDOM010426PUNWEB,variabile,01,0.0144,€/kWh,126.0,€/anno,,,12
02971770306,M'ILLUMINO,030032ESVOL01XXMILLUMINEEDOM2511,variabile,12,0.011,€/kWh,114,05,,,12
02971770306,SPECIAL HOME EE,030032ESVOL01XX0000000000E000039,variabile,12,0.01496,€/kWh,90,€/anno,,,12
02971770306,M'ILLUMINO AZ+100 2026 NEW,030032ESVOL01XX0000000000E000012,variabile,12,0.0176,€/kWh,192,€/anno,,,12
02971770306,M'ILLUMINO AG,030032ESVOL01XX0000000000E000006,variabile,12,0.011,€/kWh,198,€/anno,,,12
02971770306,M'ILLUMINO TECH TUA,030032ESVOL01XX0000000000E000036,variabile,12,0.011,€/kWh,120,€/anno,,,12
02971770306,M'ILLUMINO AZ+100,030032ESVOL01XX0000000000E000010,variabile,12,0.011,€/kWh,198,€/anno,,,12
02971770306,START HOME EE,030032ESVOL01XX0000000000E000040,variabile,12,0.0165,€/kWh,120,€/anno,,,12
02971770306,M'ILLUMINO PLUS,030032ESVOL01XX0000000000E000024,variabile,12,0.044,€/kWh,144,€/anno,,,12
02971770306,M'ILLUMINO RELAX,030032ESVOL01XX0000000000E000025,variabile,12,0.0165,€/kWh,180,€/anno,,,12
02971770306,M'ILLUMINO AG MEDIUM,030032ESVOL01XX0000000000E000008,variabile,12,0.0286,€/kWh,150,€/anno,,,12
02971770306,TARIFFA EV,030032ESVOL01XX0000000000E000041,variabile,12,0,€/kWh,144,€/anno,,,12
02971770306,M'ILLUMINO GOLD,030032ESVOL01XX0000000000E000017,variabile,12,0.033,€/kWh,192,€/anno,,,12
02971770306,M'ILLUMINO DI FINE TUTELA,030032ESVOL01XX0000000000E000014,variabile,12,0.011,€/kWh,120,€/anno,,,12
02971770306,PLUS HOME EE,030032ESVOL01XX0000000000E000038,variabile,12,0.022,€/kWh,150,€/anno,,,12
02971770306,M'ILLUMINO AZ+100 2026,030032ESVOL01XX0000000000E000011,variabile,12,0.01815,€/kWh,204,€/anno,,,12
02971770306,M'ILLUMINO,030032ESVOL01XX00000000000029926,variabile,12,0.011,€/kWh,204,€/anno,,,12
02971770306,M'ILLUMINO SMART WORKING,030032ESVOL01XX0000000000E000031,variabile,12,0.011,€/kWh,204,€/anno,,,12
02971770306,M'ILLUMINO SPECIAL FAMILY & FRIENDS,030032ESVOL01XX0000000000E000033,variabile,12,0.011,€/kWh,96,€/anno,,,12
02971770306,M'ILLUMINO TECH,030032ESVOL01XX0000000000E000035,variabile,12,0.011,€/kWh,150,€/anno,,,12
02971770306,TUA ENERGIA LUCE VIVA,030032ESVOL01XX0000000000E000043,variabile,12,0.0308,€/kWh,192,€/anno,,,12
02971770306,TUA ENERGIA MEDIUM EE HOME,030032ESVOL01XX0000000000E000044,variabile,12,0.0352,€/kWh,139.2,€/anno,,,12
02971770306,M'ILLUMINO AG,030032ESVOL01XX0000000000E000007,variabile,12,0.011,€/kWh,198,€/anno,,,12
02971770306,GOLD HOME EE,030032ESVOL01XX0000000000E000002,variabile,12,0.02805,€/kWh,174,€/anno,,,12
02971770306,SPECIAL CASA ENERGIA,030032ESVOL01XX0000000000E000046,variabile,12,0.0165,€/kWh,144,€/anno,,,12
04742230230,FAMILY LUCE DDM C,035698ESVFL04XX00000000426DDMEDC,variabile,12,0.022000,€/kWh,114.000000,€/anno,,,12
04742230230,FAMILY LUCE - PUN A,035698ESVFL06XX0626FUTURNOEDPUNA,variabile,12,0.017600,€/kWh,192.000000,€/anno,,,12
04742230230,FAMILY LUCE ARA A,035698ESVFL04XX00000000426ARAEDA,variabile,12,0.033000,€/kWh,120.000000,€/anno,,,12
04742230230,FAMILY LUCE DDM B,035698ESVFL04XX00000000426DDMEDB,variabile,12,0.022000,€/kWh,120.000000,€/anno,,,12
04742230230,FAMILY LUCE ER B,035698ESVFL04XX0426ENERELEEDPUNB,variabile,12,0.024200,€/kWh,144.000000,€/anno,,,12
04742230230,UNIPOSTE ENERGIA DOM LUCE C,035698ESVFL04XX000426UNIDOMLUCEC,variabile,12,0.022000,€/kWh,240.000000,€/anno,,,12
04742230230,UNIPOSTE ENERGIA DOM LUCE A,035698ESVFL04XX000426UNIDOMLUCEA,variabile,12,0.033000,€/kWh,180.000000,€/anno,,,12
04742230230,FAMILY LUCE DDM A,035698ESVFL04XX00000000426DDMEDA,variabile,12,0.024200,€/kWh,144.000000,€/anno,,,12
04742230230,FAMILY LUCE 0426,035698ESVFL04XX00426HPPOWEREDPUN,variabile,12,0.022000,€/kWh,192.000000,€/anno,,,12
04742230230,FAMILY LUCE ER C,035698ESVFL04XX0426ENERELEEDPUNC,variabile,12,0.022000,€/kWh,114.000000,€/anno,,,12
04742230230,UNIPOSTE ENERGIA DOM LUCE D,035698ESVFL04XX000426UNIDOMLUCED,variabile,12,0.019800,€/kWh,192.000000,€/anno,,,12
02195350687,UF1LCFXNMT0826,027208ESFML01XX00000000000031453,fisso,,0.16214,€/kWh,138,€/anno,,,12
02195350687,FIXPMN1LCMT0826,027208ESFML01XX00000000000031452,fisso,,0.16214,€/kWh,144,€/anno,,,12
02195350687,UL1LCAXDMGBC,027208ESVOL01XX00000000000029094,variabile,12,0.02,€/kWh,168,€/anno,,,12
02195350687,FLXPLUS1LCMGAB,027208ESVOL01XX00000000000029197,variabile,12,0.055,€/kWh,174,€/anno,,,12
02195350687,FLX3601LCMGAB,027208ESVOL01XX00000000000029191,variabile,12,0.0299,€/kWh,174,€/anno,,,12
02195350687,FLX3601LCMTAC,027208ESVOL01XX00000000000029457,variabile,12,0.0199,€/kWh,144,€/anno,,,12
02195350687,FIXPMN1LCMG0826,027208ESFML01XX00000000000031451,fisso,,0.16214,€/kWh,174,€/anno,,,12
02195350687,UF1LCFXNMG0826,027208ESFML01XX00000000000031454,fisso,,0.16214,€/kWh,168,€/anno,,,12
02195350687,FLX3601LCMTAA,027208ESVOL01XX00000000000026219,variabile,12,0.0299,€/kWh,144,€/anno,,,12
02195350687,AZ1LCZXDMGBF,027208ESVOL01XX00000000000028960,variabile,12,0.02,€/kWh,276,€/anno,,,12
02195350687,AF1LCZXNMG0826,027208ESFML01XX00000000000031455,fisso,,0.16247,€/kWh,276,€/anno,,,12
02195350687,UL1LCAXDMTAC,027208ESVOL01XX00000000000023928,variabile,12,0.02,€/kWh,138,€/anno,,,12
01368720080,LUCE AGILE UNICO ETHICA,001293ESVFL01XXEDPUZUNITH2604083,variabile,12,0.01650,€/kWh,136.32,€/anno,,,indeterminata
01368720080,LUCE AGILE MED ETHICA,001293ESVFL01XXEDPUMEDTH26040600,variabile,12,0.01650,€/kWh,136.32,€/anno,,,indeterminata
01368720080,LUCE SICURO DOMENICA GRATIS,001293ESFFL03XXEDFIZDMGTH2606022,fisso,,,,136.32,€/anno,,,12
01368720080,LUCE SICURO MED ETHICA,001293ESFFL03XXEDFISMEDTH2606013,fisso,,,,136.32,€/anno,,,12
01368720080,LUCE SICURO Rata Costante,001293ESFML03XXEDSIZCORA26060160,fisso,,0.1705,€/kWh,136.32,€/anno,,,12
01368720080,DOMESTICO SICURO LUCE FISSO 24,001293ESFFL02XXEDFIXSIL242606001,fisso,,0.15411/0.15202,€/kWh,136.32,€/anno,,,24
01368720080,LUCE AGILE CER ETHICA,001293ESVFL01XXEDPUZCERTH2604026,variabile,12,0.01650,€/kWh,91.32,€/anno,,,indeterminata
01368720080,LUCE AGILE ETHICA,001293ESVFL01XXEDPUZAGTH26040570,variabile,12,0.01650,€/kWh,136.32,€/anno,,,indeterminata
01368720080,LUCE AGILE DOMENICA GRATIS,001293ESVFL01XXEDPUZDMGTH2604024,variabile,12,0.01650,€/kWh,136.32,€/anno,,,indeterminata
13083740152,U-LIGHT SUPER 4U,000768ESVFL01XXLE00000WDNNF26U76,variabile,12,0.023100,€/kWh,120.000000,€/anno,,,indeterminata
13083740152,U-LIGHT FIX4U,000768ESFFL02XXLF00000WDNNF26U02,fisso,,0.159900,€/kWh,156.000000,€/anno,0,100000,12
13083740152,U-LIGHT FIX4U,000768ESFML01XXLF00000WDNNF26U02,fisso,,0.159900,€/kWh,156.000000,€/anno,0,100000,12
13083740152,U-LIGHT EASY 4U,000768ESVFL01XXLE00000WDNNF26U05,variabile,12,0.023100,€/kWh,156.000000,€/anno,,,indeterminata
13083740152,U-LIGHT EASY 4U,000768ESVOL01XXLE00000WDNNF26U05,variabile,12,0.023100,€/kWh,156.000000,€/anno,,,indeterminata
13083740152,U-LIGHT SUPER 4U,000768ESVOL01XXLE00000WDNNF26U76,variabile,12,0.023100,€/kWh,120.000000,€/anno,,,indeterminata
13083740152,U-LIGHT FIX4U,000768ESFFL01XXLF00000WDNNF26U02,fisso,,0.159900,€/kWh,156.000000,€/anno,0,100000,12
03237330232,ENERGYMSICURA0426,000555ESFML01XXENERGYMSICURA0426,fisso,12,0.126500,€/kWh,108.000000,€/anno,,,indeterminata
03237330232,EESPRINTSPECI0426,000555ESVFL01XXEESPRINTSPECI0426,variabile,12,0.016500,€/kWh,108.000000,€/anno,,,indeterminata
03237330232,ENERGIASICURA0426,000555ESFFL01XXENERGIASICURA0426,fisso,12,0.135300/0.136400/0.114400,€/kWh,108.000000,€/anno,,,indeterminata
03163990611,Solo Per Te,001260ESVOL07XX00000000001TESO26,variabile,12,0.019800,€/kWh,114.000000,€/anno,,,12
03163990611,Store Power PUA,001260ESVOL07XX0000000000STPUA26,variabile,12,0.022000,€/kWh,144.000000,€/anno,,,12
03163990611,Flexible Casa,001260ESVOL07XX000000002CSUNDP26,variabile,12,0.033000,€/kWh,144.000000,€/anno,,,12
03163990611,Smart Green Luce,001260ESVOL07XX00000000002CESM26,variabile,12,0.007750,€/kWh,69.600000,€/anno,,,12
03163990611,Solo Per Te PUA,001260ESVOL07XX00000000002TESO26,variabile,12,0.019800,€/kWh,114.000000,€/anno,,,12
03163990611,UNION PLUS LUCE,001260ESVOL07XX0000002PLUSEPWE26,variabile,12,0.028600,€/kWh,120.000000,€/anno,,,12
03163990611,Smart Green Luce Free,001260ESVOL07XX00000000003CESM26,variabile,12,0.007750,€/kWh,93.600000,€/anno,,,12
03163990611,DolceCasa Luce Fix,001260ESFML07XX300000000ULODAS26,fisso,,0.175450,€/kWh,120.000000,€/anno,,,12
03163990611,UNION GREEN CLICK LUCE,001260ESVOL07XX0000002CLICKPWE26,variabile,12,0.022550,€/kWh,90.000000,€/anno,,,12
03163990611,Store Power,001260ESVOL07XX00000000000ERST26,variabile,12,0.022000,€/kWh,144.000000,€/anno,,,12
03163990611,Smart Green Luce Free Fix,001260ESFML07XX0000000IXSMGFRX26,fisso,,,,93.600000,€/anno,,,12
03163990611,DolceCasa Luce,001260ESVOL07XX000000000UCEDOL26,variabile,12,0.026400,€/kWh,120.000000,€/anno,,,12
03163990611,Smart Green Luce Fix,001260ESFML07XX000000000IXSMFX26,fisso,,,,69.600000,€/anno,,,12
03163990611,Union Together,001260ESVOL07XX00000000000ERUN26,variabile,12,0.022550,€/kWh,90.000000,€/anno,,,12
09921410966,FUTURA 3.0 ENERGIA CASA,026756ESVML01XXFUTURA_30_EE_CASA,variabile,12,0.036517,€/kWh,120.000000,€/anno,,,indeterminata
09921410966,FUTURA 4.0 ENERGIA CASA,026756ESVML01XXFUTURA4EECASA2024,variabile,12,0.019500,€/kWh,144.000000,€/anno,,,indeterminata
02349420980,ECCOLA NEXT,000113ESVFL01XXECCOLANEXT2026PUN,variabile,12,0.011000,€/kWh,120,€/anno,,,12
03905610246,CASA MIA SMART - PROTETTA,023840ESVFL01XXPROEE2026VGPDOMXX,variabile,12,0.014,€/kWh,126,€/anno,,,12
03905610246,CASA MIA SMART - RELAX,023840ESVFL01XXRELEE2026VGPDOMXX,variabile,12,0.04,€/kWh,114,€/anno,,,12
03905610246,CASA MIA SMART,023840ESVFL01XXSMAEE2026VGPDOMXX,variabile,12,0.022,€/kWh,144,€/anno,,,12
03905610246,CASA MIA SMART - KLASS,023840ESVFL01XXKLSEE2026VGPDOMXX,variabile,12,0.022,€/kWh,180,€/anno,,,12
03905610246,CASA MIA FIX EE,023840ESFML01XXXFIXEE2026VGPDOMX,fisso,,0.175,€/kWh,144,€/anno,,,12
03064630233,DOMESTICO LUCE RF,027274ESVFL04XX0000000426RFIDXEE,variabile,12,0.033000,€/kWh,180.000000,€/anno,,,12
03064630233,FAMILY LUCE TLS,027274ESVFL04XX000000426TLSEDPUN,variabile,12,0.055000,€/kWh,624.000000,€/anno,,,12
03064630233,FAMILY LUCE PS,027274ESVFL04XX0000000426PSEDPUN,variabile,12,0.020900,€/kWh,168.000000,€/anno,,,12
03064630233,FAMILY LUCE UB,027274ESVFL04XX0000000426UBEDPUN,variabile,12,0.027500,€/kWh,130.000000,€/anno,,,12
03064630233,PRIMA CASA LUCE,027274ESVFL04XX000IDXPRIMAEE0426,variabile,12,0.025000,€/kWh,132.000000,€/anno,,,12
01671550687,BOLLETTAZERO CARD EE VAR,001435ESVFL01XXVZERUDVAR2604SAEE,variabile,12,0.037643,€/kWh,168,€/anno,,,indeterminata
01671550687,NO SPREAD EE VAR,001435ESVFL01XXVNSPUDVAR2604SAEE,variabile,12,0.0,€/kWh,228,€/anno,,,indeterminata
01671550687,6 FEDELE CASA EE,001435ESVFL01XXV6FCUDVAR202604EE,variabile,12,0.011,€/kWh,84,€/anno,,,indeterminata
01671550687,GOLD EE VAR ASSISTENZA,001435ESVFL01XXVGLDUDVAR2604CAEE,variabile,12,0.032652,€/kWh,168,€/anno,,,indeterminata
01671550687,SILVER EE VAR,001435ESVFL01XXVSLVUDVAR2604SAEE,variabile,12,0.026664,€/kWh,144,€/anno,,,indeterminata
01671550687,LIGHT EE VAR,001435ESVFL01XXVLGTUDVAR2604SAEE,variabile,12,0.105864,€/kWh,108,€/anno,,,indeterminata
01671550687,ENERGIA DELL'ACQUA EE VAR,001435ESVFL01XXVACQUDVAR202604EE,variabile,12,0.043958,€/kWh,144,€/anno,,,indeterminata
01671550687,VESTINA CASA FRANCAVILLA LUCE,001435ESVFL01XXVFRVUDVAR2605SAEE,variabile,12,0.022,€/kWh,114,€/anno,,,indeterminata
01671550687,HAPPY DAYS EE VAR,001435ESVFL01XXVDAYUDVAR2604SAEE,variabile,12,0.086555,€/kWh,151.2,€/anno,,,indeterminata
01671550687,SILVER EE VAR,001435ESVFL01XXVSLVUDVAR2604CAEE,variabile,12,0.026664,€/kWh,144,€/anno,,,indeterminata
01671550687,GOLD EE VAR,001435ESVFL01XXVGLDUDVAR2604SAEE,variabile,12,0.032652,€/kWh,168,€/anno,,,indeterminata
01671550687,SEMPLICE EE,001435ESFML01XXVSMPUDFIX2606SAEE,fisso,,0.1672,€/kWh,144,€/anno,,,indeterminata
01671550687,PLATINUM EE VAR,001435ESVFL01XXVPLAUDVAR2604SAEE,variabile,12,0.0418,€/kWh,192,€/anno,,,indeterminata
01671550687,FISSO TRASPARENTE EE,001435ESFML01XXVTPNUDFIX2606SAEE,fisso,,0.1815,€/kWh,168,€/anno,,,indeterminata
02122720200,Etika,001146ESVOL01XXETIKAEEPUNDOM2026,variabile,12,0.0,€/kWh,240.0,€/anno,,,indeterminata
02122720200,Standard Luce_02,001146ESVOL01XXSTANDARDLUCEP0226,variabile,12,0.03,€/kWh,162.0,€/anno,,,indeterminata
02122720200,Luce Prezzo Outlet_02,001146ESVOL01XXDOMEEOUTLETVA0226,variabile,12,0.024,€/kWh,118.8,€/anno,,,indeterminata
02122720200,Luce Prezzo Affare_02,001146ESVOL01XXDOMEEAFFAREVA0226,variabile,12,0.024,€/kWh,144.0,€/anno,,,indeterminata
01454300524,WELCOME LUCE,033379ESVFL02XX24053WELCOME20265,variabile,12,0.143550,€/kWh,168.000000,€/anno,,,12
01454300524,COMFORT 36,033379ESVFL00XX24089COM36RES2026,variabile,12,0.118602,€/kWh,168.000000,€/anno,,,36
02635680545,TREND CASA,001233ESVFL01XXDOMESTITRENDCASAD,variabile,12,0.021,€/kWh,180.0,€/anno,,,indeterminata
02635680545,DAY SPRINT,001233ESVML01XXLUCESPRINTLIFEDOM,variabile,12,0.031,€/kWh,120.0,€/anno,,,indeterminata
02635680545,SPREAD SPRINT,001233ESVML01XXLUCESPRINTSPREADD,variabile,12,0.016,€/kWh,144.0,€/anno,,,indeterminata
05405530287,LUCE CASA SPRINT 3 FASCE,037445ESVFL02XXVARLUCEDOMSPRINT2,variabile,12,0.025000,€/kWh,150.000000,€/anno,,,indeterminata
05405530287,LUCE CASA SPRINT MONO 2,037445ESVML02XXVARLUCDOMSPRMONO2,variabile,12,0.025000,€/kWh,150.000000,€/anno,,,indeterminata
13149000153,VIVIplan Fix LuceGas,000652ESFFL52XXOVVPLANDFIX050626,fisso,,,,102.000000,€/anno,,,12
13149000153,VIVIweb Fisso Luce,000652ESFFL34XXVIVIWEBEBIO050626,fisso,,0.152600/0.150300,€/kWh,84.000000,€/anno,,,12
13149000153,VIVIconsapevole Flex Luce,000652ESVFL33XXVIVICONSAEV050626,variabile,12,0.012000,€/kWh,120.000000,€/anno,,,24
13149000153,VIVIattivo LuceGas,000652ESVFL24XXVIVIATTDFDO050626,variabile,12,0.017500,€/kWh,120.000000,€/anno,,,12
13149000153,VIVIweb Relax Flex Luce,000652ESVFL50XXOVVWEBREEEO050626,variabile,12,0.023000,€/kWh,108.000000,€/anno,,,24
13149000153,VIVIweb Smart Flex Lucegas,000652ESVFL08XXWEBSMARTDFV050626,variabile,12,0.014500,€/kWh,144.000000,€/anno,,,12
13149000153,VIVIweb Market+ Luce,000652ESVFL42XXVWEBMARKESW050626,variabile,12,0.021000,€/kWh,120.000000,€/anno,,,12
13149000153,VIVIweb Market+ Lucegas,000652ESVFL42XXVWEBMARKDSW050626,variabile,12,0.021000,€/kWh,120.000000,€/anno,,,12
13149000153,VIVIweb Smart Flex Luce,000652ESVFL08XXWEBSMARTEEV050626,variabile,12,0.015000,€/kWh,144.000000,€/anno,,,12
13149000153,VIVIplan Fix Luce,000652ESFFL52XXOVVPLANEFIX050626,fisso,,,,102.000000,€/anno,,,12
13149000153,VIVIclear LuceGas,000652ESFFL19XXVIVICLEARDF050626,fisso,,,,150.000000,€/anno,,,12
13149000153,VIVIweb Smart Fix Lucegas,000652ESFFL09XXWEBSMARTDFF050626,fisso,,,,144.000000,€/anno,,,12
13149000153,VIVIweb Fisso Lucegas,000652ESFFL33XXVIVIWEBDBIO050626,fisso,,0.152600/0.150300,€/kWh,84.000000,€/anno,,,12
13149000153,VIVIplan Real Fix LuceGas,000652ESFFL51XXVVPLANDREAL050626,fisso,,,,102.000000,€/anno,,,12
13149000153,VIVIconsapevole Fix LuceGas,000652ESFFL32XXVIVICONSADF050626,fisso,,,,120.000000,€/anno,,,24
13149000153,VIVIconsapevole Fix Luce,000652ESFFL32XXVIVICONSAEF050626,fisso,,,,120.000000,€/anno,,,24
13149000153,VIVIconsapevole Flex LuceGas,000652ESVFL33XXVIVICONSADV050626,variabile,12,0.012000,€/kWh,120.000000,€/anno,,,24
13149000153,VIVIplan Real Fix Luce,000652ESFFL51XXVVPLANEREAL050626,fisso,,,,102.000000,€/anno,,,12
13149000153,VIVIplan Luce,000652ESVFL47XXOVIVIPLANEO050626,variabile,12,0.020000,€/kWh,120.000000,€/anno,,,24
13149000153,VIVIdinamico Luce,000652ESVFL06XXVIDINAMICOE050626,variabile,12,0.019500,€/kWh,120.000000,€/anno,,,12
13149000153,VIVIdinamico LuceGas,000652ESVFL06XXVIDINAMICOD050626,variabile,12,0.019000,€/kWh,120.000000,€/anno,,,12
13149000153,VIVIweb Smart Fix Luce,000652ESFFL09XXWEBSMARTEEF050626,fisso,,,,144.000000,€/anno,,,12
13149000153,VIVIclear Luce,000652ESFFL20XXVIVICLEAREE050626,fisso,,,,150.000000,€/anno,,,12
13149000153,VIVIattivo Luce,000652ESVFL24XXVIVIATTEEDO050626,variabile,12,0.018000,€/kWh,120.000000,€/anno,,,12
13149000153,VIVIplan LuceGas,000652ESVFL47XXOVIVIPLANDO050626,variabile,12,0.01950,€/kWh,120.000000,€/anno,,,24
02753870696,VOLTA LUCE SILVER CASA 1.0,038170ESVML03XXVLTLUCESILCASA102,variabile,12,,,156.000000,€/anno,,,indeterminata
02753870696,VOLTA LUCE MEDIUM CASA 1.0,038170ESVML02XXLUCEBUSIMEDIUM101,variabile,12,,,69.600000,€/anno,,,indeterminata
02753870696,VOLTA LUCE LIGHT CASA 1.0,038170ESVML03XXVLTLUCELIGCASA102,variabile,12,,,120.000000,€/anno,,,indeterminata
02753870696,VOLTA LUCE SOFT CASA 1.0,038170ESVML02XXVLTLUCESOFCASA102,variabile,12,,,69.600000,€/anno,,,indeterminata
02753870696,VOLTA LUCE MEDIUM CASA 1.0,038170ESVML03XXVLTLUCEMEDCASA102,variabile,12,,,69.600000,€/anno,,,indeterminata
02753870696,VOLTA LUCE GOLD CASA 1.2,038170ESVML03XXVLTLUCEGOLCASA102,variabile,12,,,180.000000,€/anno,,,indeterminata
02753870696,VOLTA LUCE SILVER CASA 1.0,038170ESVML02XXLUCEBUSISILVER101,variabile,12,,,156.000000,€/anno,,,indeterminata
06704420485,Start Luce,026658ESVML01XX000000STARTLUCE26,variabile,12,0.050000,€/kWh,239.400000,€/anno,,,indeterminata
13482450965,NEW START CASA SCONTO MULTISERVICE,042411ESVFL02XX00000000000000122,variabile,12,0.027800,€/kWh,156.000000,€/anno,,,24
13482450965,NEW START CASA,042411ESVFL02XX00000000000000124,variabile,12,0.027800,€/kWh,156.000000,€/anno,,,24
02090620689,FIX CASA,026852ESFFL02XX00000000FIXCASA26,fisso,,0.1550,€/kWh,108.0,€/anno,,,indeterminata
02090620689,CONNECTION CASA,026852ESVFL02XX0CONNECTIONCASA26,variabile,12,0.0350,€/kWh,120.0,€/anno,,,indeterminata
02090620689,PUN CASA,026852ESVFL02XX00000000PUNCASA26,variabile,12,0.0250,€/kWh,108.0,€/anno,,,indeterminata
02090620689,PINK CASA,026852ESVFL02XX0000000PINKCASA26,variabile,12,0.0200,€/kWh,84.0,€/anno,,,indeterminata
02090620689,LIBERA CASA,026852ESVFL02XX00000LIBERACASA26,variabile,12,0.0180,€/kWh,66.0,€/anno,,,indeterminata
01888480090,FLEX Home Energia Elettrica,039945ESVFL01XXXEEFLEXHOMXXX0426,variabile,12,0.0209,€/kWh,156,€/anno,,,indeterminata
03407520547,INDEX PUN CASA SITO,022760ESVFL01XX000000XLCPUNA0001,variabile,12,0.027500,€/kWh,246.000000,€/anno,,,24
10879560968,Due Luce,029748ESFML01XX260528LDDUE000000,fisso,,,,96.000000,€/anno,,,24
10879560968,NeN Dieci Luce,029748ESFML01XX260528LD10X000000,fisso,,,,72.000000,€/anno,,,indeterminata
10879560968,Surf Luce,029748ESVML01XX260528LDSURF00000,variabile,01,,,120.000000,€/anno,,,12
09174140963,YES  RAI PAYBACK,024296ESVML01XXVYERAISPAYBACK26L,variabile,12,0.027500,€/kWh,162.000000,€/anno,,,12
09174140963,YES LIGHT HOUSE LUCE,024296ESVML01XXVYESVHLIGHT2604LL,variabile,12,0.016500,€/kWh,90.000000,€/anno,,,12
09174140963,VERY LIGHT HOUSE LUCE,024296ESVML01XXVYESVERYHLL2604LL,variabile,12,0.006600,€/kWh,90.000000,€/anno,,,12
09174140963,WINBACK LUCE,024296ESVML01XXYESEWINBACK2604LL,variabile,12,0.009900,€/kWh,76.800000,€/anno,,,12
09174140963,YES ZERO LUCE,024296ESVML01XX0202604YESEZEROLL,variabile,12,0.000000,€/kWh,78.000000,€/anno,,,12
02673140691,DOMESTICO_SEMPLICE_FIX_ZELO,030297ESVFL01XXz0SEMPLICEzFIXzZE,fisso,,0.14,€/kWh,119.88,€/anno,,,indeterminata
02673140691,ZELO CASA TOP,030297ESVFL01XXz0TOPzCASAzVRBzRV,variabile,12,0.04,€/kWh,155.88,€/anno,,,indeterminata
02673140691,DOMESTICO_UNICO_VARIABILE_ZELO,030297ESVFL01XXzUNICOCASAzVRBzZE,variabile,12,0.036,€/kWh,119.88,€/anno,,,indeterminata
04212220711,PUNGECODOM,041498ESVFL01XXESVFL01XX00000000,variabile,12,0.033000,€/kWh,36.000000,€/anno,,,12
04212220711,LUCEPUNVLDOM1,041498ESVFL04XX0000LUCEPUNVLDOM1,variabile,12,0.044000,€/kWh,168.000000,€/anno,,,12
04212220711,COMEBACK_DOM,041498ESVFL01XX000000000COMEBACK,variabile,12,0.007700,€/kWh,78.000000,€/anno,,,12
04212220711,ASTRALUXIICASA,041498ESVOL01XX041498ESVOL01XX00,variabile,12,0.016500,€/kWh,84.000000,€/anno,,850,12
02030110692,DUE FISSO LUCE,000670ESFML52XXEEDOMDUEFISSO2026,fisso,,0.125400,€/kWh,144.000000,€/anno,,,24
02030110692,PREZZO NETTO ZERO LUCE,000670ESVFL51XXXXXEEPREZZONETTO0,variabile,12,0.027500,€/kWh,120.000000,€/anno,,,12
02030110692,PROTEZIONE LUCE,000670ESVFL51XXXEELUCEPROTEZIONE,variabile,12,0.000000,€/kWh,40.000000,€/anno,,,12
02030110692,DUE FISSO LUCE,000670ESFML51XXEEDOMDUEFISSO2026,fisso,,0.129900,€/kWh,144.000000,€/anno,,,24
02030110692,CONVENZIONE CORPORATE LUCE,000670ESVFL51XXXEECONVENZIONECOR,variabile,12,0.027500,€/kWh,144.000000,€/anno,,,indeterminata
02030110692,LUCE CASA EXTRA FIDELITY,000670ESVFL51XXXEECASAFIDELITY24,variabile,12,0.016500,€/kWh,144.000000,€/anno,,,12
02030110692,LUCE START,000670ESVFL51XXXXXXEELUCESTART24,variabile,12,0.027500,€/kWh,120.000000,€/anno,,,12
02030110692,PREZZO NETTO ZERO AMICO LUCE,000670ESVFL51XXELEPREZZONETTOAMI,variabile,12,0.027500,€/kWh,120.000000,€/anno,,,12
02030110692,LUCE CASA LEGGERA,000670ESVFL51XXLUCECASALEGGERA24,variabile,12,0.019250,€/kWh,96.000000,€/anno,,,12
03556900045,SOLOVERDE MULTI,023701ESVFL01XX101401MULTIZZZ000,variabile,12,0.02145,€/kWh,78,€/anno,,,12
03556900045,SOLOVERDE MONO,023701ESVML02XX100502MONOZZZZ000,variabile,12,0.02145,€/kWh,78,€/anno,,,12
09892970964,EV09.50_05.0_012050,026691ESVFL02XXGRE9X5Q05S12XPRIV,variabile,12,0.02365,€/kWh,60.0,€/anno,,,12
09892970964,EV10.00_09.5_019050,026691ESVFL02XXGRE10Q9X5S19XPRIV,variabile,12,0.0319,€/kWh,114.0,€/anno,,,12
09892970964,EV18.00_08.0_000050,026691ESVFL02XXGREX18Q08S00XPRIV,variabile,12,0.0198,€/kWh,96.0,€/anno,,,12
